t,j,m,All Reqs Met,80% Reqs Met,50% Reqs Met,Energy Req Met
2010,10013,1,0,0,0,0
2010,10022,1,0,0,0,0
2010,10063,1,0,0,0,0
2010,10066,1,0,0,0,0
2010,10069,1,0,0,0,0
2010,10070,1,0,0,0,0
2010,10072,1,0,0,0,0
2010,10078,1,0,0,0,0
2010,10080,1,0,0,0,0
2010,10088,1,0,0,0,0
2010,10097,1,0,0,0,0
2010,10100,1,0,0,0,0
2010,10106,1,0,0,0,0
2010,20001,1,0,0,0,1
2010,20007,1,0,0,0,1
2010,20008,1,0,0,0,0
2010,20014,1,0,0,0,0
2010,20016,1,0,0,0,0
2010,20017,1,0,0,0,0
2010,20021,1,0,0,0,0
2010,20031,1,0,0,0,1
2010,20032,1,0,0,0,0
2010,20033,1,0,0,0,0
2010,20034,1,0,0,0,0
2010,20037,1,0,0,0,1
2010,20040,1,0,0,0,0
2010,20042,1,0,0,0,0
2010,20043,1,0,0,0,0
2010,20049,1,0,0,0,0
2010,20050,1,0,0,0,0
2010,20052,1,0,0,0,1
2010,20053,1,0,0,0,1
2010,20060,1,0,0,0,0
2010,20061,1,0,0,0,0
2010,20062,1,0,0,0,0
2010,20068,1,0,0,0,0
2010,20075,1,0,0,0,0
2010,20082,1,0,0,0,0
2010,20083,1,0,0,0,0
2010,20085,1,0,0,0,0
2010,20086,1,0,0,0,0
2010,20091,1,0,0,0,0
2010,20092,1,0,0,0,1
2010,20093,1,0,0,0,0
2010,20094,1,0,0,0,0
2010,20097,1,0,0,0,0
2010,20100,1,0,0,0,0
2010,20101,1,0,0,0,0
2010,20103,1,0,0,0,0
2010,20104,1,0,0,0,0
2010,20108,1,0,0,0,0
2010,20111,1,0,0,0,0
2010,30019,1,0,0,0,1
2010,30032,1,0,0,0,0
2010,30033,1,0,0,0,0
2010,30034,1,0,0,0,0
2010,30035,1,0,0,0,0
2010,30036,1,0,0,0,0
2010,30042,1,0,0,0,1
2010,30056,1,0,0,0,0
2010,30057,1,0,0,0,0
2010,30059,1,0,0,0,0
2010,30060,1,0,0,0,0
2010,30065,1,0,0,0,0
2010,30067,1,0,0,0,0
2010,30072,1,0,0,0,0
2010,30077,1,0,0,0,0
2010,30080,1,0,0,0,0
2010,30084,1,0,0,0,0
2010,30087,1,0,0,0,0
2010,30091,1,0,0,0,0
2010,30094,1,0,0,0,1
2010,30099,1,0,0,0,0
2010,30100,1,0,0,0,0
2010,30108,1,0,0,0,0
2010,30116,1,0,0,0,0
2010,30117,1,0,0,0,0
2010,30121,1,0,0,0,0
2010,30122,1,0,0,0,0
2010,30127,1,0,0,0,0
2010,30129,1,0,0,0,0
2010,30134,1,0,0,0,0
2010,30137,1,0,0,0,0
2010,30138,1,0,0,0,0
2010,30140,1,0,0,0,0
2010,30141,1,0,0,0,0
2010,30142,1,0,0,0,0
2010,30144,1,0,0,0,0
2010,30145,1,0,0,0,0
2010,30149,1,0,0,0,0
2010,40001,1,0,0,0,1
2010,40042,1,0,0,0,1
2010,40072,1,0,0,0,0
2010,40073,1,0,0,0,0
2010,40086,1,0,0,0,0
2010,40108,1,0,0,1,1
2010,40113,1,0,0,0,1
2010,40131,1,0,0,0,0
2010,40134,1,0,0,0,0
2010,40160,1,0,0,0,0
2010,40172,1,0,0,0,0
2010,50001,1,0,0,0,0
2010,50002,1,0,0,0,1
2010,50006,1,0,0,0,1
2010,50007,1,0,0,0,1
2010,50008,1,0,0,0,0
2010,50009,1,0,0,0,1
2010,50021,1,0,0,0,1
2010,50025,1,0,0,0,0
2010,50026,1,0,0,0,0
2010,50028,1,0,0,0,1
2010,50029,1,0,0,0,0
2010,50030,1,0,0,0,0
2010,50037,1,0,0,0,0
2010,50038,1,0,0,0,1
2010,50039,1,0,0,0,0
2010,50040,1,0,0,0,1
2010,50041,1,0,0,0,1
2010,50043,1,0,0,0,1
2010,50044,1,0,0,0,1
2010,50046,1,0,0,0,1
2010,50048,1,0,0,0,1
2010,50049,1,0,0,0,0
2010,50050,1,0,0,0,1
2010,50051,1,0,0,0,0
2010,50053,1,0,0,0,0
2010,50054,1,0,0,0,1
2010,50057,1,0,0,0,0
2010,50058,1,0,0,0,0
2010,50059,1,0,0,0,1
2010,50061,1,0,0,0,1
2010,50062,1,0,0,0,1
2010,50064,1,0,0,0,1
2010,50065,1,0,0,0,0
2010,50066,1,0,0,0,0
2010,50067,1,0,0,0,1
2010,50070,1,0,0,0,0
2010,50072,1,0,0,0,1
2010,50073,1,0,0,0,0
2010,50074,1,0,0,0,1
2010,50076,1,0,0,0,0
2010,50077,1,0,0,0,1
2010,50079,1,0,0,0,1
2010,50080,1,0,0,0,0
2010,50081,1,0,0,0,0
2010,50084,1,0,0,0,0
2010,50088,1,0,0,0,1
2010,50091,1,0,0,0,1
2010,50093,1,0,0,0,0
2010,50094,1,0,0,0,0
2010,50095,1,0,0,0,0
2010,50096,1,0,0,0,0
2010,50097,1,0,0,0,1
2010,50099,1,0,0,0,1
2010,50100,1,0,0,0,1
2010,50102,1,0,0,0,1
2010,50104,1,0,0,0,1
2010,50111,1,0,0,0,1
2010,50112,1,0,0,0,1
2010,50114,1,0,0,0,0
2010,50115,1,0,0,0,1
2010,50120,1,0,0,0,1
2010,50131,1,0,0,0,0
2010,50132,1,0,0,0,0
2010,50134,1,0,0,0,0
2010,50136,1,0,0,0,1
2010,50137,1,0,0,0,0
2010,50141,1,0,0,0,1
2010,50142,1,0,0,0,1
2010,50143,1,0,0,0,0
2010,50144,1,0,0,0,0
2010,50145,1,0,0,0,0
2010,50146,1,0,0,0,0
2010,50147,1,0,0,0,1
2010,50148,1,0,0,0,0
2010,50149,1,0,0,0,0
2010,50150,1,0,0,0,1
2010,50153,1,0,0,0,0
2010,50154,1,0,0,0,1
2010,50155,1,0,0,0,0
2010,50156,1,0,0,0,1
2010,50157,1,0,0,0,1
2010,50160,1,0,0,0,0
2010,50161,1,0,0,0,1
2010,50162,1,0,0,0,1
2010,50164,1,0,0,0,0
2010,50166,1,0,0,0,0
2010,50167,1,0,0,0,1
2010,50169,1,0,0,0,1
2010,60003,1,0,0,0,0
2010,60006,1,0,0,0,0
2010,60009,1,0,0,0,0
2010,60017,1,0,0,0,0
2010,60021,1,0,0,0,0
2010,60022,1,0,0,0,0
2010,60026,1,0,0,0,0
2010,60027,1,0,0,0,0
2010,60030,1,0,0,0,0
2010,60050,1,0,0,0,0
2010,60054,1,0,0,0,0
2010,60060,1,0,0,0,0
2010,60068,1,0,0,0,0
2010,70001,1,0,0,0,0
2010,70004,1,0,0,0,1
2010,70005,1,0,0,0,0
2010,70008,1,0,0,0,0
2010,70009,1,0,0,0,1
2010,70010,1,0,0,0,0
2010,70012,1,0,0,0,0
2010,70013,1,0,0,0,0
2010,70014,1,0,0,0,1
2010,70015,1,0,0,0,1
2010,70016,1,0,0,0,1
2010,70017,1,0,0,0,1
2010,70018,1,0,0,0,0
2010,70019,1,0,0,0,0
2010,70020,1,0,0,0,0
2010,70021,1,0,0,0,0
2010,70022,1,0,0,0,0
2010,70023,1,0,0,0,0
2010,70025,1,0,0,0,0
2010,70026,1,0,0,0,0
2010,70027,1,0,0,0,1
2010,70028,1,0,0,0,0
2010,70029,1,0,0,0,0
2010,70030,1,0,0,0,0
2010,70034,1,0,0,0,0
2010,70036,1,0,0,0,0
2010,70038,1,0,0,0,0
2010,70039,1,0,0,0,0
2010,70040,1,0,0,0,1
2010,70041,1,0,0,0,0
2010,70042,1,0,0,0,1
2010,70045,1,0,0,0,0
2010,70047,1,0,0,0,0
2010,70048,1,0,0,0,0
2010,70049,1,0,0,0,0
2010,70050,1,0,0,0,0
2010,70051,1,0,0,0,1
2010,70055,1,0,0,0,0
2010,70057,1,0,0,0,1
2010,70058,1,0,0,0,0
2010,70059,1,0,0,0,0
2010,70060,1,0,0,0,0
2010,70062,1,0,0,0,0
2010,70063,1,0,0,0,1
2010,70064,1,0,0,0,1
2010,70067,1,0,0,0,0
2010,70068,1,0,0,0,0
2010,70069,1,0,0,0,1
2010,70070,1,0,0,0,1
2010,70071,1,0,0,0,0
2010,70072,1,0,0,0,0
2010,70073,1,0,0,0,0
2010,70074,1,0,0,0,0
2010,70075,1,0,0,0,0
2010,70076,1,0,0,0,0
2010,70077,1,0,0,0,0
2010,70078,1,0,0,0,0
2010,70079,1,0,0,0,0
2010,70080,1,0,0,0,0
2010,70083,1,0,0,0,0
2010,70086,1,0,0,0,0
2010,70088,1,0,0,0,1
2010,70093,1,0,0,0,1
2010,70095,1,0,0,0,0
2010,70097,1,0,0,0,1
2010,70098,1,0,0,0,0
2010,70099,1,0,1,1,1
2010,70100,1,0,0,0,0
2010,70102,1,0,0,0,0
2010,70103,1,0,0,0,1
2010,70105,1,0,0,0,0
2010,70107,1,0,0,0,0
2010,70108,1,0,0,0,0
2010,70109,1,0,0,0,0
2010,70110,1,0,0,0,0
2010,70111,1,0,0,0,1
2010,70112,1,0,0,0,0
2010,70113,1,0,0,0,0
2010,70114,1,0,0,0,0
2010,70116,1,0,0,0,0
2010,70117,1,0,0,0,0
2010,70119,1,0,0,0,0
2010,70121,1,0,0,0,0
2010,70123,1,0,0,0,0
2010,70124,1,0,0,0,0
2010,70125,1,0,0,0,0
2010,70126,1,0,0,0,0
2010,70127,1,0,0,0,0
2010,70129,1,0,0,0,0
2010,70133,1,0,0,0,0
2010,70134,1,0,0,0,0
2010,70135,1,0,0,0,1
2010,70141,1,0,0,0,0
2010,70142,1,0,0,0,0
2010,70152,1,0,0,0,1
2010,70154,1,0,0,0,1
2010,70156,1,0,0,0,1
2010,70157,1,0,0,0,1
2010,80034,1,0,0,0,0
2010,80040,1,0,0,0,1
2010,80050,1,0,0,0,1
2010,80062,1,0,0,0,1
2010,80065,1,0,0,0,0
2010,80067,1,0,0,0,1
2010,80073,1,0,0,0,0
2010,80082,1,0,0,0,0
2010,80085,1,0,1,1,1
2010,80089,1,0,0,0,0
2010,80090,1,0,0,0,0
2010,80099,1,0,0,0,0
2010,80101,1,0,0,0,0
2010,80102,1,0,0,0,0
2010,80107,1,0,0,0,0
2010,80108,1,0,0,0,0
2010,80112,1,0,0,1,1
2010,80116,1,0,0,0,0
2010,80120,1,0,0,0,1
2010,80121,1,0,0,0,0
2010,80124,1,0,0,0,0
2010,80125,1,0,0,0,0
2010,80126,1,0,0,0,0
2010,80129,1,0,0,1,1
2010,80132,1,0,0,0,0
2010,80133,1,0,0,0,1
2010,80134,1,0,0,0,1
2010,80144,1,0,0,0,0
2010,80148,1,0,0,0,0
2010,80171,1,0,0,0,0
2010,80172,1,0,0,0,0
2010,80174,1,0,0,0,0
2010,80177,1,0,0,0,0
2010,80178,1,0,0,0,0
2010,80179,1,0,0,0,0
2010,80181,1,0,0,0,0
2010,80182,1,0,0,0,0
2010,80184,1,0,0,0,0
2010,80186,1,0,0,0,0
2010,80190,1,0,0,0,0
2010,80195,1,0,0,0,0
2010,80196,1,0,0,0,0
2010,80197,1,0,0,0,0
2010,80208,1,0,0,0,1
2010,90007,1,0,0,0,1
2010,90014,1,0,0,0,0
2010,90015,1,0,0,0,0
2010,90020,1,0,0,0,0
2010,90026,1,0,0,0,0
2010,90027,1,0,0,0,0
2010,90029,1,0,0,0,0
2010,90030,1,0,0,0,0
2010,90032,1,0,0,0,0
2010,90033,1,0,0,0,1
2010,90037,1,0,0,0,0
2010,90041,1,0,0,0,0
2010,90042,1,0,0,0,0
2010,90044,1,0,0,0,0
2010,90047,1,0,0,0,0
2010,90048,1,0,0,0,0
2010,90050,1,0,0,0,0
2010,90051,1,0,0,0,0
2010,90052,1,0,0,0,0
2010,90053,1,0,0,0,0
2010,90056,1,0,0,0,0
2010,90057,1,0,0,0,1
2010,90058,1,0,0,0,1
2010,90061,1,0,0,0,0
2010,90063,1,0,0,0,0
2010,90064,1,0,0,0,0
2010,90065,1,0,0,0,0
2010,90067,1,0,0,0,0
2010,90069,1,0,0,0,0
2010,90078,1,0,0,0,0
2010,90079,1,0,0,0,0
2010,90080,1,0,0,0,1
2010,90083,1,0,0,0,0
2010,90084,1,0,0,0,0
2010,90085,1,0,0,0,0
2010,90086,1,0,0,0,0
2010,90088,1,0,0,0,0
2010,90089,1,0,0,0,0
2010,90090,1,0,0,0,0
2010,90091,1,0,0,0,0
2010,90093,1,0,0,0,0
2010,90094,1,0,0,0,1
2010,90095,1,0,0,0,0
2010,90096,1,0,0,0,0
2010,90097,1,0,0,0,0
2010,90098,1,0,0,0,1
2010,90099,1,0,0,0,1
2010,90102,1,0,0,0,0
2010,90103,1,0,0,0,0
2010,90106,1,0,0,0,0
2010,90110,1,0,0,0,0
2010,90112,1,0,0,0,0
2010,90113,1,0,0,0,0
2010,90114,1,0,0,0,0
2010,90115,1,0,0,0,0
2010,90116,1,0,0,0,0
2010,90117,1,0,0,0,0
2010,90118,1,0,0,0,1
2010,90119,1,0,0,0,0
2010,90120,1,0,0,0,0
2010,90122,1,0,0,0,1
2010,90123,1,0,0,0,1
2010,90124,1,0,0,0,0
2010,90125,1,0,0,0,0
2010,90126,1,0,0,0,0
2010,90127,1,0,0,0,0
2010,90129,1,0,0,0,0
2010,100023,1,0,0,0,0
2010,100025,1,0,0,0,0
2010,100029,1,0,0,0,1
2010,100088,1,0,0,0,0
2010,100092,1,0,0,0,0
2010,100093,1,0,0,0,0
2010,100103,1,0,0,0,0
2010,100109,1,0,0,0,0
2010,110011,1,1,1,1,1
2010,110018,1,0,0,0,1
2010,110021,1,0,0,1,1
2010,110024,1,0,0,0,0
2010,110027,1,0,0,0,1
2010,110030,1,0,0,0,0
2010,110034,1,0,0,0,1
2010,110035,1,0,0,0,0
2010,110037,1,0,0,0,1
2010,110038,1,0,0,0,1
2010,110048,1,0,0,0,1
2010,110049,1,0,0,0,0
2010,110050,1,0,0,0,0
2010,110055,1,0,0,0,1
2010,110061,1,0,0,1,1
2010,110062,1,0,0,0,0
2010,110064,1,0,0,0,0
2010,110066,1,0,0,0,0
2010,110068,1,0,1,1,1
2010,110069,1,0,0,0,0
2010,110072,1,0,0,0,1
2010,110074,1,0,0,0,1
2010,110076,1,0,1,1,1
2010,110078,1,0,1,1,1
2010,110081,1,0,0,1,1
2010,110083,1,0,0,0,1
2010,110085,1,0,0,0,0
2010,110086,1,0,0,0,1
2010,110087,1,0,0,0,1
2010,110088,1,0,1,1,1
2010,110090,1,0,0,0,1
2010,110091,1,0,0,1,1
2010,110092,1,0,0,0,0
2010,110093,1,0,0,0,1
2010,110095,1,0,0,0,0
2010,110098,1,0,0,0,1
2010,110099,1,0,0,0,0
2010,110100,1,0,0,0,1
2010,110107,1,0,0,0,0
2010,110109,1,0,0,1,1
2010,110110,1,0,0,0,0
2010,110111,1,0,0,0,0
2010,110112,1,0,0,1,1
2010,110118,1,0,0,0,0
2010,110119,1,0,0,1,1
2010,110123,1,0,0,0,1
2010,110124,1,0,0,0,1
2010,110125,1,0,0,1,1
2010,110126,1,0,0,0,0
2010,110129,1,0,0,0,0
2010,110134,1,0,0,0,0
2010,110135,1,0,0,0,1
2010,110136,1,0,0,0,0
2010,110137,1,0,0,0,1
2010,110138,1,0,0,1,1
2010,110139,1,0,0,0,1
2010,120002,1,0,0,0,0
2010,120032,1,0,0,0,0
2010,120040,1,0,0,0,0
2010,120049,1,0,0,0,1
2010,120051,1,0,0,0,0
2010,120056,1,0,0,0,0
2010,120064,1,0,0,0,0
2010,120069,1,0,0,0,0
2010,130004,1,0,0,0,0
2010,130010,1,0,0,0,0
2010,130016,1,0,0,0,0
2010,130034,1,0,0,0,0
2010,130040,1,0,0,0,0
2010,130054,1,0,0,0,0
2010,130061,1,0,0,0,0
2010,130062,1,0,0,0,0
2010,130063,1,0,0,0,1
2010,130064,1,0,0,0,0
2010,140001,1,0,0,0,1
2010,140004,1,0,0,0,0
2010,140005,1,0,0,0,0
2010,140007,1,0,0,0,0
2010,140008,1,0,0,0,0
2010,140018,1,0,0,0,0
2010,140026,1,0,0,0,0
2010,140038,1,0,0,0,0
2010,140040,1,0,0,0,1
2010,140045,1,0,0,0,0
2010,140046,1,0,0,0,1
2010,140047,1,0,0,0,0
2010,140048,1,0,0,1,1
2010,140063,1,0,0,0,0
2010,140079,1,0,0,0,1
2010,140080,1,0,0,0,0
2010,140088,1,0,0,0,0
2010,140089,1,0,0,0,1
2010,140100,1,0,0,0,0
2010,140104,1,0,0,0,0
2010,140106,1,0,0,0,0
2010,140108,1,0,0,1,1
2010,140124,1,0,0,0,1
2010,140127,1,0,0,0,0
2010,150013,1,0,0,0,1
2010,150014,1,0,0,0,0
2010,150018,1,0,0,0,0
2010,150020,1,0,0,0,1
2010,150024,1,0,0,0,1
2010,150027,1,0,0,0,1
2010,150030,1,0,0,1,1
2010,150032,1,0,0,0,0
2010,150037,1,0,0,0,0
2010,150038,1,0,0,0,0
2010,150043,1,0,0,0,1
2010,160016,1,0,0,0,0
2010,160028,1,0,0,0,0
2010,160029,1,0,0,0,0
2010,160034,1,0,0,0,1
2010,160036,1,0,0,0,1
2010,160037,1,0,0,0,1
2010,160038,1,0,0,0,0
2010,160039,1,0,0,0,0
2010,160041,1,0,0,0,0
2010,160050,1,0,0,0,0
2010,160077,1,0,0,0,0
2010,160097,1,0,0,0,0
2010,160105,1,0,0,0,0
2010,160107,1,0,0,0,0
2010,160108,1,0,0,0,0
2010,160109,1,0,0,0,0
2010,160118,1,0,0,0,0
2010,160124,1,0,0,0,0
2010,160125,1,0,0,0,0
2010,160127,1,0,0,0,0
2010,160129,1,0,0,0,0
2010,160133,1,0,0,0,0
2010,160156,1,0,0,0,1
2010,160161,1,0,0,0,1
2010,160162,1,0,0,0,0
2010,160164,1,0,0,0,0
2010,160165,1,0,0,0,0
2010,160167,1,0,0,0,0
2010,160170,1,0,0,0,0
2010,160171,1,0,0,0,1
2010,160172,1,0,0,0,0
2010,170002,1,0,0,0,1
2010,170003,1,0,0,0,0
2010,170006,1,0,0,0,0
2010,170007,1,0,0,0,0
2010,170009,1,0,0,0,0
2010,170010,1,0,0,0,0
2010,170013,1,0,0,0,1
2010,170014,1,0,0,0,0
2010,170015,1,0,0,0,0
2010,170018,1,0,0,0,1
2010,170019,1,0,0,0,0
2010,170020,1,0,0,0,0
2010,170023,1,0,0,0,1
2010,170024,1,0,0,1,1
2010,170029,1,0,0,0,0
2010,170031,1,0,0,0,0
2010,170038,1,0,0,0,0
2010,170041,1,0,0,0,0
2010,170043,1,0,0,0,0
2010,170044,1,0,0,0,1
2010,170050,1,0,0,0,0
2010,170051,1,0,0,0,1
2010,170055,1,0,0,0,0
2010,170057,1,0,0,0,0
2010,170059,1,0,0,0,0
2010,170062,1,0,0,0,1
2010,170066,1,0,0,0,0
2010,170069,1,0,0,0,1
2010,170074,1,0,0,0,1
2010,170075,1,0,0,0,0
2010,170079,1,0,0,0,0
2010,170081,1,0,0,0,0
2010,170083,1,0,0,0,1
2010,170085,1,0,0,0,0
2010,170086,1,0,0,0,1
2010,170087,1,0,0,0,0
2010,170088,1,0,0,0,0
2010,170090,1,0,0,0,0
2010,170091,1,0,0,0,0
2010,170092,1,0,0,0,0
2010,170095,1,0,0,1,1
2010,170100,1,0,0,0,0
2010,170101,1,0,0,0,1
2010,170102,1,0,0,0,1
2010,170105,1,0,0,0,0
2010,170106,1,0,0,0,0
2010,170108,1,0,0,0,0
2010,170109,1,0,0,0,0
2010,170110,1,0,0,0,1
2010,170113,1,0,0,0,0
2010,170117,1,0,0,0,0
2010,170118,1,0,0,0,1
2010,170122,1,0,0,0,1
2010,170124,1,0,0,0,0
2010,170125,1,0,0,0,0
2010,170126,1,0,0,0,0
2010,170127,1,0,0,0,1
2010,170130,1,0,0,0,0
2010,180006,1,0,0,0,1
2010,180026,1,0,0,0,1
2010,180037,1,0,0,0,1
2010,180040,1,0,0,0,0
2010,180045,1,0,0,0,0
2010,180048,1,0,0,0,0
2010,180049,1,0,0,0,0
2010,180052,1,0,0,0,1
2010,180055,1,0,0,0,0
2010,180058,1,0,0,0,0
2010,180060,1,0,0,0,1
2010,180063,1,0,0,0,0
2010,180069,1,0,0,0,1
2010,180073,1,0,0,0,0
2010,180074,1,0,0,0,1
2010,180077,1,0,0,0,0
2010,180079,1,0,0,0,0
2010,180080,1,0,0,0,0
2010,180085,1,0,0,0,1
2010,180087,1,0,0,0,1
2010,180089,1,0,0,0,1
2010,180094,1,0,0,0,0
2010,180097,1,0,0,0,0
2010,180098,1,0,0,0,0
2010,180099,1,0,0,0,0
2010,180101,1,0,0,0,1
2010,180102,1,0,0,0,0
2010,180103,1,0,0,0,0
2010,180107,1,0,0,0,0
2010,180113,1,0,0,1,1
2010,180115,1,0,0,0,1
2010,180117,1,0,0,0,1
2010,190002,1,0,0,0,1
2010,190016,1,0,0,0,0
2010,190037,1,0,0,0,1
2010,190040,1,0,0,0,1
2010,190044,1,0,0,0,1
2010,190047,1,0,0,0,0
2010,190049,1,0,0,0,1
2010,190061,1,0,0,0,1
2010,190062,1,0,0,0,0
2010,190063,1,0,0,0,1
2010,190065,1,0,0,0,1
2010,190067,1,0,0,0,0
2010,190075,1,0,0,0,1
2010,190080,1,0,0,0,0
2010,190082,1,0,0,0,1
2010,190084,1,0,0,0,0
2010,190088,1,0,0,0,1
2010,190092,1,0,0,0,1
2010,190093,1,0,0,0,0
2010,190095,1,0,0,0,0
2010,190098,1,0,0,0,1
2010,190105,1,0,0,0,0
2010,190108,1,0,0,0,0
2010,190122,1,0,0,0,0
2010,190125,1,0,0,0,1
2010,190126,1,0,0,0,1
2010,190127,1,0,0,0,1
2010,190129,1,0,0,0,1
2010,190130,1,0,0,0,1
2010,190139,1,0,0,0,0
2010,190141,1,0,0,0,0
2010,190142,1,0,0,0,0
2010,190145,1,0,0,0,1
2010,190146,1,0,0,0,0
2010,190147,1,0,0,1,1
2010,190148,1,0,0,0,1
2010,190149,1,0,0,0,0
2010,190150,1,0,0,0,0
2010,190156,1,0,0,0,0
2010,190157,1,0,0,0,1
2010,190158,1,0,0,0,1
2010,190161,1,0,0,0,1
2010,190162,1,0,0,0,0
2010,190163,1,0,0,0,1
2010,190164,1,0,0,0,1
2010,190165,1,0,0,0,1
2010,190166,1,0,0,0,0
2010,190167,1,0,0,0,1
2010,190169,1,0,0,0,0
2010,190170,1,0,0,0,0
2010,190175,1,0,0,0,0
2010,190180,1,0,0,0,1
2010,190181,1,0,0,0,1
2010,190184,1,0,0,0,1
2010,190187,1,0,0,0,1
2010,190190,1,0,0,1,1
2010,190192,1,0,0,0,1
2010,190194,1,0,0,0,1
2010,190197,1,0,0,0,0
2010,200003,1,0,0,0,0
2010,200005,1,0,0,0,0
2010,200007,1,0,0,0,0
2010,200011,1,0,0,0,0
2010,200014,1,0,0,0,1
2010,200016,1,0,0,0,0
2010,200017,1,0,0,0,0
2010,200018,1,0,0,0,0
2010,200028,1,0,0,0,0
2010,200029,1,0,0,0,0
2010,200030,1,0,0,0,1
2010,200038,1,0,0,0,0
2010,200039,1,0,0,0,0
2010,200040,1,0,0,0,0
2010,200041,1,0,0,0,1
2010,200048,1,0,0,0,0
2010,200049,1,0,0,0,0
2010,200050,1,0,0,0,0
2010,200051,1,0,0,0,1
2010,200052,1,0,0,0,0
2010,200054,1,0,0,0,1
2010,200065,1,0,0,0,0
2010,200066,1,0,0,0,0
2010,200067,1,0,0,0,0
2010,200069,1,0,0,0,1
2010,200072,1,0,0,0,0
2010,200073,1,0,0,0,1
2010,200074,1,0,0,0,1
2010,200075,1,0,0,0,0
2010,200076,1,0,0,0,0
2010,200077,1,0,0,0,0
2010,200081,1,0,0,0,0
2010,200082,1,0,0,0,1
2010,200083,1,0,0,0,0
2010,200084,1,0,0,0,0
2010,200091,1,0,0,0,0
2010,200092,1,0,0,0,1
2010,200096,1,0,0,0,1
2010,200098,1,0,0,0,0
2010,200103,1,0,0,0,0
2010,200108,1,0,0,0,0
2010,200120,1,0,0,0,0
2010,200121,1,0,0,0,1
2010,200123,1,0,0,0,0
2010,200124,1,0,0,0,1
2010,200125,1,0,0,0,0
2010,200126,1,0,0,0,0
2010,200128,1,0,0,0,0
2010,200129,1,0,0,0,0
2010,200130,1,0,0,0,0
2010,200133,1,0,0,0,0
2010,200135,1,0,0,0,0
2010,200136,1,0,0,0,0
2010,200138,1,0,0,0,0
2010,200139,1,0,0,0,1
2010,200141,1,0,0,0,0
2010,200144,1,0,0,0,0
2010,200145,1,0,0,0,0
2010,200146,1,0,0,0,0
2010,200147,1,0,0,0,0
2010,200148,1,0,0,0,0
2010,200150,1,0,0,0,0
2010,200152,1,0,0,0,0
2010,200154,1,0,0,0,1
2010,200156,1,0,0,0,1
2010,200159,1,0,0,0,1
2010,200170,1,0,0,0,0
2010,210019,1,0,0,0,1
2010,210020,1,0,0,0,0
2010,210026,1,0,0,0,0
2010,210031,1,0,0,0,0
2010,210034,1,0,0,0,0
2010,210037,1,0,0,0,1
2010,210038,1,0,0,0,0
2010,210039,1,0,0,0,0
2010,210042,1,0,0,0,0
2010,210046,1,0,0,0,0
2010,210047,1,0,0,0,1
2010,210049,1,0,0,0,1
2010,210050,1,0,0,0,0
2010,210051,1,0,0,0,0
2010,210052,1,0,0,0,1
2010,210055,1,0,0,0,1
2010,210056,1,0,0,0,0
2010,210058,1,0,0,0,0
2010,210060,1,0,0,0,0
2010,210070,1,0,0,0,0
2010,210078,1,0,0,0,0
2010,210081,1,0,0,0,0
2010,210082,1,0,0,0,0
2010,210085,1,0,0,0,0
2010,210086,1,0,0,0,0
2010,210088,1,0,0,0,0
2010,220005,1,0,0,0,1
2010,220011,1,0,0,0,0
2010,220012,1,0,0,0,0
2010,220013,1,0,0,0,0
2010,220028,1,0,0,0,0
2010,220047,1,0,0,0,0
2010,220068,1,0,0,0,0
2010,220069,1,0,0,0,0
2010,220070,1,0,0,0,0
2010,220071,1,0,0,0,0
2010,220072,1,0,0,0,0
2010,220083,1,0,0,0,1
2010,220084,1,0,0,0,0
2010,220091,1,0,0,0,0
2010,220092,1,0,0,0,1
2010,220093,1,0,0,0,0
2010,220099,1,0,0,0,1
2010,220100,1,0,0,0,1
2010,220111,1,0,0,0,0
2010,220116,1,0,0,0,0
2010,220120,1,0,0,0,1
2010,230033,1,0,0,0,1
2010,230061,1,0,0,0,0
2010,230067,1,0,0,0,0
2010,230081,1,0,0,0,0
2010,230091,1,0,0,0,1
2010,230092,1,0,0,0,0
2010,230106,1,0,0,0,1
2010,230107,1,0,0,0,0
2010,240017,1,0,0,0,0
2010,240046,1,0,0,0,0
2010,240079,1,0,0,0,0
2010,240085,1,0,0,0,0
2010,250009,1,0,0,0,1
2010,250010,1,0,0,0,0
2010,250013,1,0,0,0,1
2010,250016,1,0,0,0,1
2010,250021,1,0,0,0,0
2010,250023,1,0,0,0,0
2010,250027,1,0,0,0,1
2010,250028,1,0,0,0,0
2010,250033,1,0,0,0,0
2010,250034,1,0,0,0,1
2010,250036,1,0,0,0,1
2010,250037,1,0,0,0,1
2010,250038,1,0,0,0,0
2010,250039,1,0,0,0,1
2010,250041,1,0,0,0,0
2010,250043,1,0,0,0,0
2010,250044,1,0,0,0,0
2010,250046,1,0,0,0,0
2010,250047,1,0,0,0,0
2010,250058,1,0,0,0,0
2010,250059,1,0,0,0,0
2010,250060,1,0,0,0,1
2010,250062,1,0,0,0,0
2010,250064,1,0,0,0,1
2010,250066,1,0,0,0,0
2010,260008,1,0,0,0,0
2010,260023,1,0,0,0,1
2010,260024,1,0,0,0,0
2010,260026,1,0,0,0,0
2010,260030,1,0,0,0,0
2010,260031,1,0,0,0,0
2010,260032,1,0,0,0,1
2010,260036,1,0,0,0,1
2010,260039,1,0,0,0,0
2010,260040,1,0,0,0,1
2010,260055,1,0,0,0,1
2010,260056,1,0,0,0,1
2010,260057,1,0,0,1,1
2010,260059,1,0,0,0,1
2010,260061,1,0,0,0,1
2010,260063,1,0,0,0,1
2010,260065,1,0,0,0,0
2010,260066,1,0,0,0,0
2010,260068,1,0,0,0,0
2010,260069,1,0,0,0,1
2010,260070,1,0,0,0,1
2010,260071,1,0,0,0,1
2010,260072,1,0,0,0,1
2010,260073,1,0,0,0,1
2010,260074,1,0,0,0,0
2010,260075,1,0,0,0,1
2010,260076,1,0,0,1,1
2010,260077,1,0,0,0,1
2010,260078,1,0,0,0,1
2010,260079,1,0,0,1,1
2010,260080,1,0,0,0,1
2010,260081,1,0,0,0,0
2010,260083,1,0,0,0,1
2010,260084,1,0,0,0,1
2010,260087,1,0,0,0,1
2010,260090,1,0,0,0,1
2010,260091,1,0,0,0,0
2010,260093,1,0,0,0,0
2010,260095,1,0,0,0,0
2010,260098,1,0,0,0,1
2010,260111,1,0,0,0,1
2010,260115,1,0,0,0,1
2010,260117,1,0,0,0,0
2010,260121,1,0,0,0,0
2010,260123,1,0,0,0,0
2010,260124,1,0,0,0,0
2010,260125,1,0,0,0,1
2010,260127,1,0,0,0,1
2010,260131,1,0,0,0,1
2010,260132,1,0,0,0,0
2010,260133,1,0,0,0,1
2010,260144,1,0,0,0,1
2010,260146,1,0,0,0,0
2010,260148,1,0,0,0,1
2010,260149,1,0,0,0,1
2010,260150,1,0,0,0,0
2010,260151,1,0,0,0,0
2010,260152,1,0,0,0,0
2010,260155,1,0,0,0,1
2010,260160,1,0,0,0,0
2010,260161,1,0,0,0,0
2010,260162,1,0,0,0,0
2010,260163,1,0,0,0,0
2010,260165,1,0,0,0,0
2010,260167,1,0,0,0,0
2010,260175,1,0,0,0,1
2010,260176,1,0,0,0,0
2010,260177,1,0,0,0,0
2010,260178,1,0,0,0,0
2010,260179,1,0,0,0,0
2010,260180,1,0,0,0,0
2010,270019,1,0,0,0,0
2010,270021,1,0,0,0,0
2010,270023,1,0,0,0,0
2010,270025,1,0,0,0,0
2010,270047,1,0,0,0,1
2010,270054,1,0,0,0,0
2010,270055,1,0,0,0,0
2010,270058,1,0,0,0,1
2010,270061,1,0,0,0,0
2010,270064,1,0,0,0,1
2010,270082,1,0,0,0,0
2010,270101,1,0,0,0,0
2010,280016,1,0,0,0,0
2010,280028,1,0,0,0,0
2010,280029,1,0,0,0,0
2010,280036,1,0,0,0,0
2010,280043,1,0,0,0,0
2010,280044,1,0,0,0,0
2010,280051,1,0,0,0,0
2010,280055,1,0,0,0,0
2010,280062,1,0,0,0,0
2010,280097,1,0,0,0,0
2010,280112,1,0,0,0,0
2010,290001,1,0,0,0,0
2010,290006,1,0,0,0,0
2010,290010,1,0,0,0,0
2010,290017,1,0,0,0,0
2010,290022,1,0,0,0,1
2010,290030,1,0,0,0,1
2010,290037,1,0,0,0,1
2010,290041,1,0,0,0,0
2010,290053,1,0,0,0,0
2010,290059,1,0,0,0,0
2010,290074,1,0,0,0,0
2010,290083,1,0,0,0,0
2010,290084,1,0,0,0,0
2010,290085,1,0,0,0,0
2010,290087,1,0,0,0,0
2010,290094,1,0,0,0,0
2010,290104,1,0,0,0,0
2010,290109,1,0,0,0,0
2010,290110,1,0,0,0,0
2010,290114,1,0,0,0,0
2010,290116,1,0,0,0,0
2010,290136,1,0,0,0,0
2010,290137,1,0,0,0,0
2010,290147,1,0,0,0,0
2010,290148,1,0,0,0,0
2010,290151,1,0,0,0,0
2010,290153,1,0,0,0,1
2010,290154,1,0,0,0,0
2010,290157,1,0,0,0,0
2010,290160,1,0,0,0,0
2010,290172,1,0,0,0,1
2010,290177,1,0,0,0,0
2010,290179,1,0,0,0,0
2010,290180,1,0,0,0,0
2010,300018,1,0,0,0,1
2010,300024,1,0,0,0,0
2010,300027,1,0,0,0,0
2010,300032,1,0,0,0,0
2010,300038,1,0,0,0,1
2010,300049,1,0,0,0,0
2010,300067,1,0,0,0,0
2010,300078,1,0,0,0,1
2010,300107,1,0,0,0,0
2010,300110,1,0,0,0,1
2010,300157,1,0,0,0,1
2010,300159,1,0,0,0,1
2010,300170,1,0,0,0,0
2010,300171,1,0,0,0,0
2010,300174,1,0,0,0,1
2010,300183,1,0,0,0,0
2010,300191,1,0,0,0,1
2010,300195,1,0,0,0,0
2010,300197,1,0,0,0,0
2010,300199,1,0,0,0,0
2010,300208,1,0,0,0,0
2010,300211,1,0,0,0,0
2010,300212,1,0,0,0,0
2010,300213,1,0,0,0,0
2010,300215,1,0,0,0,0
2010,300220,1,0,0,0,0
2010,300227,1,0,0,0,0
2010,300228,1,0,0,0,1
2010,310002,1,0,0,0,1
2010,310003,1,0,0,0,1
2010,310007,1,0,0,0,0
2010,310008,1,0,0,0,1
2010,310019,1,0,0,0,0
2010,310023,1,0,0,0,1
2010,310024,1,0,0,0,0
2010,310025,1,0,0,0,0
2010,310026,1,0,0,0,1
2010,310027,1,0,0,0,0
2010,310029,1,0,0,0,0
2010,310032,1,0,0,0,0
2010,310033,1,0,0,0,0
2010,310037,1,0,0,0,0
2010,310039,1,0,0,0,1
2010,310041,1,0,0,0,0
2010,310042,1,0,0,0,0
2010,310043,1,0,0,0,0
2010,310044,1,0,0,1,1
2010,310045,1,0,0,0,0
2010,310046,1,0,0,0,0
2010,310047,1,0,0,0,0
2010,310048,1,0,0,0,0
2010,310049,1,0,0,0,0
2010,310050,1,0,0,0,0
2010,310051,1,0,0,0,1
2010,310059,1,0,0,0,0
2010,310060,1,0,0,0,0
2010,310064,1,0,0,0,1
2010,310066,1,0,0,0,0
2010,310070,1,0,0,0,1
2010,310071,1,0,0,0,0
2010,310072,1,0,0,0,1
2010,310073,1,0,0,0,0
2010,310074,1,0,0,0,0
2010,310075,1,0,0,0,0
2010,310076,1,0,0,0,0
2010,310077,1,0,0,0,1
2010,310078,1,0,0,0,0
2010,310079,1,0,0,0,0
2010,310080,1,0,0,0,1
2010,310081,1,0,0,0,0
2010,310082,1,0,0,0,0
2010,310083,1,0,0,0,1
2010,310084,1,0,0,0,0
2010,310087,1,0,0,0,1
2010,310088,1,0,0,0,0
2010,310090,1,0,0,0,0
2010,310091,1,0,0,0,0
2010,310092,1,0,0,0,0
2010,310093,1,0,0,0,1
2010,310096,1,0,0,0,0
2010,310097,1,0,0,0,1
2010,310099,1,0,0,0,0
2010,310100,1,0,0,0,0
2010,310101,1,0,0,0,1
2010,310102,1,0,0,0,0
2010,310103,1,0,0,0,0
2010,310104,1,0,0,0,1
2010,310105,1,0,0,0,0
2010,310106,1,0,0,0,0
2010,310107,1,0,0,0,1
2010,310108,1,0,0,0,0
2010,310109,1,0,0,0,0
2010,310110,1,0,0,0,1
2010,320025,1,0,0,0,0
2010,320033,1,0,0,0,0
2010,320038,1,0,0,0,0
2010,320039,1,0,0,0,0
2010,320040,1,0,0,0,0
2010,320047,1,0,0,0,0
2010,320156,1,0,0,0,0
2010,320158,1,0,0,0,0
2010,320160,1,0,0,0,0
2010,320162,1,0,0,0,0
2010,320174,1,0,0,0,0
2010,320175,1,0,0,0,0
2010,330044,1,0,0,0,1
2010,330047,1,0,0,1,1
2010,330048,1,0,0,0,1
2010,330062,1,0,0,1,1
2010,330066,1,0,0,0,1
2010,330068,1,0,0,0,1
2010,340002,1,0,0,0,0
2010,340003,1,0,0,0,1
2010,340004,1,0,0,0,0
2010,340006,1,0,0,0,1
2010,340008,1,0,0,0,1
2010,340009,1,0,0,0,0
2010,340010,1,0,0,0,0
2010,340016,1,0,0,0,0
2010,340017,1,0,0,0,1
2010,340022,1,0,0,0,0
2010,340023,1,0,0,0,0
2010,340024,1,0,0,0,0
2010,340025,1,0,0,0,0
2010,340026,1,0,0,0,1
2010,340027,1,0,0,0,0
2010,340029,1,0,0,0,1
2010,340031,1,0,0,0,0
2010,340032,1,0,0,0,0
2010,340034,1,0,0,0,1
2010,340035,1,0,0,0,1
2010,340036,1,0,0,0,1
2010,340037,1,0,0,0,0
2010,340038,1,0,0,0,0
2010,340039,1,0,0,0,0
2010,340041,1,0,0,0,1
2010,340051,1,0,0,0,0
2010,340053,1,0,0,0,1
2010,340054,1,0,0,0,0
2010,340055,1,0,0,0,0
2010,340057,1,0,0,0,0
2010,340060,1,0,0,0,0
2010,340061,1,0,0,0,0
2010,340062,1,0,0,0,0
2010,340064,1,0,0,0,0
2010,340065,1,0,0,0,0
2010,340066,1,0,0,0,0
2010,340067,1,0,0,0,0
2010,340068,1,0,0,0,0
2010,340070,1,0,0,0,0
2010,340080,1,0,0,0,0
2010,340081,1,0,0,0,1
2010,340086,1,0,0,0,1
2010,350004,1,0,0,0,0
2010,350010,1,0,0,0,1
2010,350011,1,0,0,0,0
2010,350017,1,0,0,0,0
2010,350018,1,0,0,0,0
2010,350021,1,0,0,0,0
2010,350023,1,0,0,0,1
2010,350025,1,0,0,0,0
2010,350027,1,0,0,0,0
2010,350030,1,0,0,0,0
2010,350031,1,0,0,0,0
2010,350033,1,0,0,0,0
2010,350035,1,0,0,0,0
2010,350037,1,0,0,0,0
2010,350041,1,0,0,0,0
2010,350042,1,0,0,0,0
2010,350045,1,0,0,0,0
2010,350047,1,0,0,0,0
2010,350048,1,0,0,0,1
2010,350049,1,0,0,0,1
2010,350050,1,0,0,0,1
2010,350053,1,0,0,0,0
2010,350055,1,0,0,0,1
2010,350058,1,0,0,0,0
2010,350062,1,0,0,0,0
2010,350063,1,0,0,0,0
2010,350064,1,0,0,0,0
2010,350068,1,0,0,0,1
2010,350069,1,0,0,0,0
2010,350070,1,0,0,0,0
2010,350078,1,0,0,0,1
2010,350086,1,0,0,0,1
2010,350088,1,0,0,0,1
2010,350089,1,0,0,0,0
2010,350090,1,0,0,0,1
2010,350093,1,0,0,0,1
2010,350096,1,0,0,0,0
2010,350097,1,0,0,0,0
2010,350102,1,0,0,0,1
2010,350103,1,0,0,0,1
2010,350107,1,0,0,0,1
2010,350109,1,0,0,0,1
2010,350110,1,0,0,0,1
2010,350112,1,0,0,0,0
2010,350114,1,0,0,0,0
2010,350115,1,0,0,0,1
2010,350116,1,0,0,0,0
2010,350119,1,0,0,0,1
2010,350123,1,0,0,0,0
2010,350124,1,0,0,0,0
2010,350125,1,0,0,0,0
2010,350126,1,0,0,0,0
2010,350127,1,0,0,0,0
2010,350128,1,0,0,0,0
2010,350130,1,0,0,0,0
2010,360014,1,0,0,0,0
2010,360044,1,0,0,0,0
2010,360050,1,0,0,0,1
2010,360055,1,0,0,0,0
2010,370033,1,0,0,0,0
2010,370036,1,0,0,0,0
2012,10027,1,0,0,0,0
2012,10030,1,0,0,0,0
2012,10063,1,0,0,0,0
2012,10069,1,0,0,0,0
2012,10078,1,0,0,0,0
2012,10088,1,0,0,0,0
2012,20009,1,0,0,0,0
2012,20011,1,0,0,0,0
2012,20012,1,0,0,0,0
2012,20013,1,0,0,0,0
2012,20014,1,0,0,0,0
2012,20015,1,0,0,0,0
2012,20017,1,0,0,0,0
2012,20018,1,0,0,0,0
2012,20021,1,0,0,0,0
2012,20023,1,0,0,0,0
2012,20024,1,0,0,0,0
2012,20025,1,0,0,0,0
2012,20026,1,0,0,0,0
2012,20027,1,0,0,0,0
2012,20030,1,0,0,0,0
2012,20031,1,0,0,0,0
2012,20033,1,0,0,0,0
2012,20036,1,0,0,0,0
2012,20038,1,0,0,0,0
2012,20042,1,0,0,0,0
2012,20045,1,0,0,0,0
2012,20046,1,0,0,0,0
2012,20047,1,0,0,0,0
2012,20048,1,0,0,0,0
2012,20049,1,0,0,0,0
2012,20051,1,0,0,0,0
2012,20052,1,0,0,0,0
2012,20055,1,0,0,0,0
2012,20056,1,0,0,0,0
2012,20059,1,0,0,0,1
2012,20060,1,0,0,0,0
2012,20061,1,0,0,0,0
2012,20062,1,0,0,0,0
2012,20064,1,0,0,0,0
2012,20068,1,0,0,0,0
2012,20069,1,0,0,0,0
2012,20070,1,0,0,0,0
2012,20072,1,0,0,0,0
2012,20073,1,0,0,0,0
2012,20075,1,0,0,0,0
2012,20083,1,0,0,0,0
2012,20086,1,0,0,0,0
2012,20091,1,0,0,0,0
2012,20093,1,0,0,0,0
2012,20095,1,0,0,0,0
2012,20097,1,0,0,0,0
2012,20100,1,0,0,0,0
2012,20101,1,0,0,0,0
2012,20106,1,0,0,0,0
2012,20107,1,0,0,0,0
2012,20108,1,0,0,0,0
2012,20113,1,0,0,0,0
2012,20114,1,0,0,0,0
2012,20116,1,0,0,0,0
2012,20118,1,0,0,0,0
2012,20119,1,0,0,0,0
2012,20120,1,0,0,0,0
2012,30017,1,0,0,0,0
2012,30019,1,0,0,0,0
2012,30033,1,0,0,0,0
2012,30035,1,0,0,0,0
2012,30036,1,0,0,0,0
2012,30037,1,0,0,0,0
2012,30038,1,0,0,0,0
2012,30041,1,0,0,0,0
2012,30042,1,0,0,0,0
2012,30047,1,0,0,0,0
2012,30054,1,0,0,0,0
2012,30056,1,0,0,0,0
2012,30057,1,0,0,0,0
2012,30059,1,0,0,0,0
2012,30060,1,0,0,0,0
2012,30065,1,0,0,0,0
2012,30067,1,0,0,0,0
2012,30074,1,0,0,0,0
2012,30076,1,0,0,0,0
2012,30080,1,0,0,0,0
2012,30084,1,0,0,0,0
2012,30086,1,0,0,0,0
2012,30087,1,0,0,0,0
2012,30088,1,0,0,0,0
2012,30091,1,0,0,0,0
2012,30092,1,0,0,0,0
2012,30093,1,0,0,0,0
2012,30094,1,0,0,0,0
2012,30095,1,0,0,0,0
2012,30097,1,0,0,0,0
2012,30098,1,0,0,0,0
2012,30099,1,0,0,0,0
2012,30100,1,0,0,0,0
2012,30107,1,0,0,0,0
2012,30114,1,0,0,0,0
2012,30120,1,0,0,0,0
2012,30121,1,0,0,0,0
2012,30122,1,0,0,0,0
2012,30124,1,0,0,0,0
2012,30132,1,0,0,0,0
2012,30134,1,0,0,0,0
2012,30135,1,0,0,0,0
2012,30139,1,0,0,0,0
2012,30140,1,0,0,0,0
2012,30141,1,0,0,0,0
2012,30145,1,0,0,0,0
2012,40062,1,0,0,0,0
2012,40076,1,0,0,0,0
2012,40077,1,0,0,0,0
2012,40078,1,0,0,0,0
2012,40079,1,0,0,0,0
2012,40080,1,0,0,0,0
2012,40085,1,0,0,0,1
2012,40086,1,0,0,0,0
2012,40090,1,0,0,0,0
2012,40103,1,0,0,0,0
2012,40134,1,0,0,0,0
2012,40136,1,0,0,0,0
2012,40142,1,0,0,0,0
2012,40155,1,0,0,0,0
2012,40157,1,0,0,0,0
2012,40172,1,0,0,0,0
2012,40192,1,0,0,0,0
2012,40215,1,0,0,0,0
2012,40217,1,0,0,0,0
2012,50002,1,0,0,0,0
2012,50004,1,0,0,0,0
2012,50006,1,0,0,0,0
2012,50008,1,0,0,0,0
2012,50009,1,0,0,0,0
2012,50021,1,0,0,0,0
2012,50025,1,0,0,0,0
2012,50028,1,0,0,0,0
2012,50029,1,0,0,0,0
2012,50035,1,0,0,0,0
2012,50043,1,0,0,0,0
2012,50045,1,0,0,0,0
2012,50046,1,0,0,0,0
2012,50049,1,0,0,0,0
2012,50051,1,0,0,0,0
2012,50053,1,0,0,0,1
2012,50054,1,0,0,0,0
2012,50058,1,0,0,0,0
2012,50059,1,0,0,0,0
2012,50062,1,0,0,0,0
2012,50073,1,0,0,0,0
2012,50076,1,0,0,0,0
2012,50080,1,0,0,0,0
2012,50082,1,0,0,0,1
2012,50083,1,0,0,0,0
2012,50084,1,0,0,0,0
2012,50093,1,0,0,0,0
2012,50094,1,0,0,0,0
2012,50097,1,0,0,0,0
2012,50108,1,0,0,0,0
2012,50112,1,0,0,0,0
2012,50114,1,0,0,0,0
2012,50120,1,0,0,0,0
2012,50131,1,0,0,0,0
2012,50132,1,0,0,0,0
2012,50134,1,0,0,0,0
2012,50137,1,0,0,0,0
2012,50145,1,0,0,0,0
2012,50148,1,0,0,0,0
2012,50149,1,0,0,0,0
2012,50154,1,0,0,0,0
2012,50155,1,0,0,0,0
2012,50159,1,0,0,0,0
2012,50161,1,0,0,0,0
2012,50162,1,0,0,0,0
2012,50164,1,0,0,0,0
2012,50166,1,0,0,0,0
2012,50167,1,0,0,0,0
2012,50169,1,0,0,0,0
2012,60001,1,0,0,0,0
2012,60005,1,0,0,0,0
2012,60007,1,0,0,0,0
2012,60008,1,0,0,0,0
2012,60009,1,0,0,0,0
2012,60010,1,0,0,0,0
2012,60014,1,0,0,0,0
2012,60017,1,0,0,0,0
2012,60021,1,0,0,0,0
2012,60022,1,0,0,0,0
2012,60023,1,0,0,0,0
2012,60027,1,0,0,0,0
2012,60030,1,0,0,0,0
2012,60031,1,0,0,0,0
2012,60038,1,0,0,0,0
2012,60045,1,0,0,0,0
2012,60050,1,0,0,0,0
2012,60052,1,0,0,0,0
2012,60057,1,0,0,0,0
2012,60058,1,0,0,0,0
2012,60060,1,0,0,0,0
2012,70001,1,0,0,0,0
2012,70002,1,0,0,0,0
2012,70005,1,0,0,0,0
2012,70008,1,0,0,0,0
2012,70009,1,0,0,0,0
2012,70010,1,0,0,0,0
2012,70012,1,0,0,0,0
2012,70013,1,0,0,0,0
2012,70014,1,0,0,0,0
2012,70016,1,0,0,0,0
2012,70021,1,0,0,0,0
2012,70022,1,0,0,0,0
2012,70023,1,0,0,0,0
2012,70024,1,0,0,0,0
2012,70025,1,0,0,0,0
2012,70027,1,0,0,0,0
2012,70028,1,0,0,0,0
2012,70030,1,0,0,0,0
2012,70031,1,0,0,0,0
2012,70034,1,0,0,0,0
2012,70035,1,0,0,0,0
2012,70039,1,0,0,0,0
2012,70040,1,0,0,0,0
2012,70041,1,0,0,0,0
2012,70042,1,0,0,0,0
2012,70043,1,0,0,0,0
2012,70044,1,0,0,0,0
2012,70047,1,0,0,0,0
2012,70049,1,0,0,0,0
2012,70052,1,0,0,0,0
2012,70054,1,0,0,0,0
2012,70058,1,0,0,0,0
2012,70059,1,0,0,0,0
2012,70060,1,0,0,0,0
2012,70061,1,0,0,0,0
2012,70063,1,0,0,0,0
2012,70064,1,0,0,0,0
2012,70067,1,0,0,0,0
2012,70068,1,0,0,0,0
2012,70069,1,0,0,0,0
2012,70070,1,0,0,0,0
2012,70071,1,0,0,0,0
2012,70073,1,0,0,0,0
2012,70074,1,0,0,0,0
2012,70076,1,0,0,0,0
2012,70077,1,0,0,0,0
2012,70078,1,0,0,0,0
2012,70079,1,0,0,0,0
2012,70080,1,0,0,0,0
2012,70081,1,0,0,0,0
2012,70082,1,0,0,0,0
2012,70089,1,0,0,0,0
2012,70090,1,0,0,0,0
2012,70093,1,0,0,0,0
2012,70095,1,0,0,0,0
2012,70096,1,0,0,0,0
2012,70097,1,0,0,0,0
2012,70100,1,0,0,0,0
2012,70101,1,0,0,0,0
2012,70102,1,0,0,0,0
2012,70103,1,0,0,0,0
2012,70105,1,0,0,0,0
2012,70106,1,0,0,0,0
2012,70107,1,0,0,0,0
2012,70110,1,0,0,0,0
2012,70112,1,0,0,0,0
2012,70113,1,0,0,0,0
2012,70114,1,0,0,0,0
2012,70116,1,0,0,0,0
2012,70117,1,0,0,0,0
2012,70118,1,0,0,0,0
2012,70119,1,0,0,0,0
2012,70120,1,0,0,0,0
2012,70127,1,0,0,0,0
2012,70129,1,0,0,0,0
2012,70132,1,0,0,0,0
2012,70134,1,0,0,0,0
2012,70145,1,0,0,0,0
2012,70150,1,0,0,0,0
2012,70154,1,0,0,0,0
2012,80027,1,0,0,0,0
2012,80037,1,0,0,0,0
2012,80040,1,0,0,0,0
2012,80062,1,0,0,0,0
2012,80072,1,0,0,0,0
2012,80074,1,0,0,0,0
2012,80075,1,0,0,0,0
2012,80076,1,0,0,0,0
2012,80078,1,0,0,0,0
2012,80080,1,0,0,0,0
2012,80083,1,0,0,0,0
2012,80085,1,0,0,0,0
2012,80086,1,0,0,0,0
2012,80106,1,0,0,0,0
2012,80107,1,0,0,0,0
2012,80108,1,0,0,0,0
2012,80109,1,0,0,0,0
2012,80110,1,0,0,0,0
2012,80112,1,0,0,0,0
2012,80116,1,0,0,0,0
2012,80117,1,0,0,0,0
2012,80120,1,0,0,0,0
2012,80125,1,0,0,0,0
2012,80126,1,0,0,0,0
2012,80127,1,0,0,0,0
2012,80128,1,0,0,0,0
2012,80130,1,0,0,0,0
2012,80138,1,0,0,0,0
2012,80139,1,0,0,0,0
2012,80144,1,0,0,0,0
2012,80148,1,0,0,0,0
2012,80171,1,0,0,0,0
2012,80178,1,0,0,0,0
2012,80184,1,0,0,0,0
2012,80187,1,0,0,0,0
2012,80190,1,0,0,0,0
2012,80191,1,0,0,0,0
2012,80196,1,0,0,0,0
2012,80198,1,0,0,0,0
2012,80199,1,0,0,0,0
2012,90003,1,0,0,0,0
2012,90018,1,0,0,0,0
2012,90019,1,0,0,0,0
2012,90021,1,0,0,0,0
2012,90027,1,0,0,0,0
2012,90028,1,0,0,0,0
2012,90032,1,0,0,0,0
2012,90033,1,0,0,0,0
2012,90034,1,0,0,0,0
2012,90041,1,0,0,0,0
2012,90042,1,0,0,0,0
2012,90046,1,0,0,0,0
2012,90050,1,0,0,0,0
2012,90051,1,0,0,0,0
2012,90053,1,0,0,0,0
2012,90054,1,0,0,0,0
2012,90056,1,0,0,0,0
2012,90058,1,0,0,0,0
2012,90059,1,0,0,0,0
2012,90060,1,0,0,0,1
2012,90063,1,0,0,0,0
2012,90065,1,0,0,0,0
2012,90066,1,0,0,0,0
2012,90068,1,0,0,0,0
2012,90069,1,0,0,0,0
2012,90071,1,0,0,0,0
2012,90079,1,0,0,0,0
2012,90085,1,0,0,0,0
2012,90090,1,0,0,0,0
2012,90093,1,0,0,0,0
2012,90094,1,0,0,0,0
2012,90098,1,0,0,0,1
2012,90102,1,0,0,0,0
2012,90107,1,0,0,0,0
2012,90108,1,0,0,0,0
2012,90113,1,0,0,0,0
2012,90114,1,0,0,0,0
2012,90115,1,0,0,0,0
2012,90116,1,0,0,0,0
2012,90117,1,0,0,0,0
2012,90118,1,0,0,0,0
2012,90120,1,0,0,0,0
2012,90121,1,0,0,1,1
2012,90122,1,0,0,0,0
2012,90123,1,0,0,0,0
2012,90124,1,0,0,0,0
2012,90126,1,0,0,0,1
2012,90129,1,0,0,0,0
2012,90130,1,0,0,0,0
2012,100086,1,0,0,0,0
2012,100110,1,0,0,0,0
2012,110011,1,0,0,0,0
2012,110013,1,0,0,0,0
2012,110014,1,0,0,0,0
2012,110015,1,0,0,0,0
2012,110016,1,0,0,0,0
2012,110018,1,0,0,0,0
2012,110021,1,0,0,0,0
2012,110022,1,0,0,0,0
2012,110023,1,0,0,0,0
2012,110026,1,0,0,0,0
2012,110028,1,0,0,0,0
2012,110030,1,0,0,0,0
2012,110031,1,0,0,0,0
2012,110032,1,0,0,0,0
2012,110033,1,0,0,0,0
2012,110034,1,0,0,0,0
2012,110035,1,0,0,0,0
2012,110036,1,0,0,0,0
2012,110038,1,0,0,0,0
2012,110039,1,0,0,0,0
2012,110041,1,0,0,0,0
2012,110043,1,0,0,0,0
2012,110044,1,0,0,0,0
2012,110045,1,0,0,0,0
2012,110046,1,0,0,0,0
2012,110048,1,0,0,0,0
2012,110049,1,0,0,0,0
2012,110050,1,0,0,0,0
2012,110061,1,0,0,0,0
2012,110062,1,0,0,0,0
2012,110063,1,0,0,0,0
2012,110064,1,0,0,0,0
2012,110065,1,0,0,0,0
2012,110066,1,0,0,0,0
2012,110068,1,0,0,0,0
2012,110069,1,0,0,0,0
2012,110070,1,0,0,0,0
2012,110071,1,0,0,0,0
2012,110072,1,0,0,0,0
2012,110074,1,0,0,0,0
2012,110075,1,0,0,0,0
2012,110076,1,0,0,0,0
2012,110078,1,0,0,0,0
2012,110079,1,0,0,0,0
2012,110081,1,0,0,0,0
2012,110082,1,0,0,0,0
2012,110083,1,0,0,0,0
2012,110084,1,0,0,0,0
2012,110085,1,0,0,0,0
2012,110086,1,0,0,0,0
2012,110087,1,0,0,0,0
2012,110088,1,0,0,0,0
2012,110089,1,0,0,0,0
2012,110090,1,0,0,0,0
2012,110091,1,0,0,0,0
2012,110092,1,0,0,0,0
2012,110093,1,0,0,0,0
2012,110094,1,0,0,0,0
2012,110095,1,0,0,0,0
2012,110096,1,0,0,0,0
2012,110097,1,0,0,0,0
2012,110098,1,0,0,0,0
2012,110099,1,0,0,0,0
2012,110100,1,0,0,0,0
2012,110102,1,0,0,0,0
2012,110103,1,0,0,0,0
2012,110107,1,0,0,0,0
2012,110109,1,0,0,0,0
2012,110110,1,0,0,0,0
2012,110111,1,0,0,0,0
2012,110112,1,0,0,0,0
2012,110114,1,0,0,0,0
2012,110118,1,0,0,0,0
2012,110119,1,0,0,0,0
2012,110121,1,0,0,0,0
2012,110122,1,0,0,0,0
2012,110123,1,0,0,0,0
2012,110124,1,0,0,0,0
2012,110125,1,0,0,0,0
2012,110126,1,0,0,0,0
2012,110129,1,0,0,0,0
2012,110130,1,0,0,0,0
2012,110131,1,0,0,0,0
2012,110132,1,0,0,0,0
2012,110133,1,0,0,0,0
2012,110134,1,0,0,0,0
2012,110135,1,0,0,0,0
2012,110136,1,0,0,0,0
2012,110137,1,0,0,0,0
2012,110138,1,0,0,0,0
2012,110139,1,0,0,0,0
2012,110140,1,0,0,0,0
2012,120030,1,0,0,0,0
2012,120031,1,0,0,0,0
2012,120051,1,0,0,0,0
2012,120053,1,0,0,0,0
2012,120056,1,0,0,0,0
2012,120059,1,0,0,0,0
2012,120069,1,0,0,0,0
2012,130016,1,0,0,0,0
2012,130032,1,0,0,0,0
2012,130039,1,0,0,0,0
2012,130041,1,0,0,0,0
2012,130044,1,0,0,0,0
2012,130052,1,0,0,0,0
2012,130053,1,0,0,0,0
2012,130054,1,0,0,0,0
2012,130056,1,0,0,0,0
2012,130062,1,0,0,0,0
2012,130068,1,0,0,0,0
2012,130077,1,0,0,0,0
2012,140001,1,0,0,0,0
2012,140003,1,0,0,0,0
2012,140004,1,0,0,0,0
2012,140007,1,0,0,0,0
2012,140009,1,0,0,0,0
2012,140012,1,0,0,0,1
2012,140020,1,0,0,0,0
2012,140027,1,0,0,0,0
2012,140035,1,0,0,0,0
2012,140036,1,0,0,0,0
2012,140038,1,0,0,0,0
2012,140039,1,0,0,0,0
2012,140046,1,0,0,0,0
2012,140047,1,0,0,0,0
2012,140048,1,0,0,0,0
2012,140049,1,0,0,0,0
2012,140062,1,0,0,0,0
2012,140063,1,0,0,0,0
2012,140064,1,0,0,0,0
2012,140076,1,0,0,0,0
2012,140079,1,0,0,0,0
2012,140080,1,0,0,0,0
2012,140084,1,0,0,0,0
2012,140085,1,0,0,0,0
2012,140086,1,0,0,0,0
2012,140087,1,0,0,0,0
2012,140089,1,0,0,0,0
2012,140094,1,0,0,0,0
2012,140095,1,0,0,0,0
2012,140104,1,0,0,0,0
2012,140105,1,0,0,0,0
2012,140106,1,0,0,0,0
2012,140109,1,0,0,0,0
2012,140114,1,0,0,0,0
2012,140116,1,0,0,0,0
2012,140122,1,0,0,0,0
2012,140125,1,0,0,0,0
2012,140127,1,0,0,0,0
2012,140135,1,0,0,0,0
2012,150011,1,0,0,0,0
2012,150016,1,0,0,0,0
2012,150023,1,0,0,0,0
2012,150033,1,0,0,0,0
2012,150035,1,0,0,0,0
2012,150037,1,0,0,0,0
2012,150042,1,0,0,0,0
2012,150045,1,0,0,0,1
2012,150048,1,0,0,0,0
2012,150053,1,0,0,0,0
2012,150057,1,0,0,0,0
2012,150066,1,0,0,0,0
2012,160012,1,0,0,0,0
2012,160017,1,0,0,0,0
2012,160018,1,0,0,0,0
2012,160103,1,0,0,0,0
2012,160130,1,0,0,0,0
2012,160132,1,0,0,0,0
2012,160165,1,0,0,0,0
2012,170001,1,0,0,0,0
2012,170002,1,0,0,0,0
2012,170003,1,0,0,0,0
2012,170004,1,0,0,0,0
2012,170005,1,0,0,0,0
2012,170007,1,0,0,0,0
2012,170008,1,0,0,0,1
2012,170009,1,0,0,0,0
2012,170010,1,0,0,0,0
2012,170014,1,0,0,0,0
2012,170016,1,0,0,0,0
2012,170017,1,0,0,0,0
2012,170018,1,0,0,0,0
2012,170020,1,0,0,0,0
2012,170023,1,0,0,0,0
2012,170027,1,0,0,0,0
2012,170028,1,0,0,0,0
2012,170029,1,0,0,0,0
2012,170030,1,0,0,0,1
2012,170032,1,0,0,0,0
2012,170043,1,0,0,0,0
2012,170045,1,0,0,0,0
2012,170048,1,0,0,0,0
2012,170052,1,0,0,0,0
2012,170053,1,0,0,0,0
2012,170055,1,0,0,0,0
2012,170056,1,0,0,0,0
2012,170059,1,0,0,0,0
2012,170062,1,0,0,0,0
2012,170063,1,0,0,0,0
2012,170065,1,0,0,0,0
2012,170081,1,0,0,0,0
2012,170083,1,0,0,0,0
2012,170087,1,0,0,0,0
2012,170088,1,0,0,0,0
2012,170089,1,0,0,0,0
2012,170091,1,0,0,0,0
2012,170100,1,0,0,0,0
2012,170102,1,0,0,0,0
2012,170105,1,0,0,0,0
2012,170109,1,0,0,0,0
2012,170113,1,0,0,0,0
2012,170115,1,0,0,0,0
2012,170122,1,0,0,0,0
2012,170124,1,0,0,0,0
2012,170125,1,0,0,0,0
2012,170127,1,0,0,0,0
2012,170130,1,0,0,0,0
2012,180032,1,0,0,0,0
2012,180033,1,0,0,0,0
2012,180034,1,0,0,0,0
2012,180036,1,0,0,0,0
2012,180040,1,0,0,0,1
2012,180045,1,0,0,0,0
2012,180049,1,0,0,0,0
2012,180053,1,0,0,0,0
2012,180054,1,0,0,0,0
2012,180055,1,0,0,0,1
2012,180056,1,0,0,0,0
2012,180057,1,0,0,0,0
2012,180058,1,0,0,0,0
2012,180059,1,0,0,0,0
2012,180060,1,0,0,0,0
2012,180063,1,0,0,0,0
2012,180067,1,0,0,0,0
2012,180068,1,0,0,0,0
2012,180069,1,0,0,0,0
2012,180071,1,0,0,0,0
2012,180074,1,0,0,0,0
2012,180075,1,0,0,0,0
2012,180080,1,0,0,0,0
2012,180081,1,0,0,0,0
2012,180084,1,0,0,0,0
2012,180086,1,0,0,0,0
2012,180087,1,0,0,0,0
2012,180088,1,0,0,0,0
2012,180089,1,0,0,0,0
2012,180090,1,0,0,0,0
2012,180091,1,0,0,0,0
2012,180093,1,0,0,0,0
2012,180094,1,0,0,0,0
2012,180095,1,0,0,0,0
2012,180096,1,0,0,0,0
2012,180097,1,0,0,0,0
2012,180102,1,0,0,0,0
2012,180117,1,0,0,0,0
2012,180119,1,0,0,0,0
2012,190023,1,0,0,0,0
2012,190026,1,0,0,0,0
2012,190027,1,0,0,0,0
2012,190045,1,0,0,0,0
2012,190048,1,0,0,0,0
2012,190049,1,0,0,0,0
2012,190063,1,0,0,0,0
2012,190065,1,0,0,0,0
2012,190074,1,0,0,0,0
2012,190075,1,0,0,0,0
2012,190076,1,0,0,0,0
2012,190077,1,0,0,0,0
2012,190080,1,0,0,0,0
2012,190082,1,0,0,0,0
2012,190086,1,0,0,0,0
2012,190087,1,0,0,0,0
2012,190089,1,0,0,0,0
2012,190091,1,0,0,0,0
2012,190093,1,0,0,0,0
2012,190094,1,0,0,0,0
2012,190095,1,0,0,0,0
2012,190098,1,0,0,0,0
2012,190099,1,0,0,0,0
2012,190100,1,0,0,0,0
2012,190103,1,0,0,0,0
2012,190118,1,0,0,0,0
2012,190121,1,0,0,0,0
2012,190136,1,0,0,0,0
2012,190138,1,0,0,0,0
2012,190141,1,0,0,0,0
2012,190142,1,0,0,0,0
2012,190144,1,0,0,0,0
2012,190150,1,0,0,0,0
2012,190152,1,0,0,0,0
2012,190157,1,0,0,0,0
2012,190160,1,0,0,0,0
2012,190161,1,0,0,0,0
2012,190164,1,0,0,0,0
2012,190166,1,0,0,0,0
2012,190167,1,0,0,0,0
2012,190169,1,0,0,0,0
2012,190171,1,0,0,0,0
2012,190180,1,0,0,0,0
2012,190181,1,0,0,0,0
2012,190199,1,0,0,0,0
2012,200004,1,0,0,0,0
2012,200012,1,0,0,0,0
2012,200014,1,0,0,0,0
2012,200016,1,0,0,0,0
2012,200017,1,0,0,0,0
2012,200018,1,0,0,0,0
2012,200029,1,0,0,0,0
2012,200032,1,0,0,0,0
2012,200037,1,0,0,0,0
2012,200038,1,0,0,0,0
2012,200041,1,0,0,0,0
2012,200044,1,0,0,0,0
2012,200063,1,0,0,0,1
2012,200068,1,0,0,0,0
2012,200069,1,0,0,0,0
2012,200070,1,0,0,0,1
2012,200071,1,0,0,0,0
2012,200072,1,0,0,0,0
2012,200073,1,0,0,0,1
2012,200074,1,0,0,0,0
2012,200087,1,0,0,0,0
2012,200089,1,0,0,0,0
2012,200090,1,0,0,0,0
2012,200099,1,0,0,0,0
2012,200100,1,0,0,0,0
2012,200109,1,0,0,0,0
2012,200111,1,0,0,0,0
2012,200112,1,0,0,0,0
2012,200114,1,0,0,0,0
2012,200116,1,0,0,0,0
2012,200118,1,0,0,0,0
2012,200122,1,0,0,0,0
2012,200123,1,0,0,0,0
2012,200124,1,0,0,0,0
2012,200125,1,0,0,0,0
2012,200126,1,0,0,0,0
2012,200127,1,0,0,0,0
2012,200128,1,0,0,0,0
2012,200130,1,0,0,0,0
2012,200131,1,0,0,0,0
2012,200132,1,0,0,0,0
2012,200134,1,0,0,0,0
2012,200135,1,0,0,0,0
2012,200140,1,0,0,0,0
2012,200141,1,0,0,0,0
2012,200143,1,0,0,0,0
2012,200144,1,0,0,0,0
2012,200145,1,0,0,0,0
2012,200146,1,0,0,0,0
2012,200147,1,0,0,0,0
2012,200148,1,0,0,0,0
2012,200149,1,0,0,0,0
2012,200152,1,0,0,0,0
2012,200153,1,0,0,0,0
2012,200154,1,0,0,0,0
2012,200159,1,0,0,0,0
2012,200161,1,0,0,0,0
2012,200165,1,0,0,0,0
2012,210012,1,0,0,0,0
2012,210018,1,0,0,0,0
2012,210021,1,0,0,0,0
2012,210029,1,0,0,0,0
2012,210031,1,0,0,0,0
2012,210033,1,0,0,0,0
2012,210037,1,0,0,0,0
2012,210038,1,0,0,0,0
2012,210039,1,0,0,0,0
2012,210042,1,0,0,0,0
2012,210046,1,0,0,0,0
2012,210050,1,0,0,0,0
2012,210051,1,0,0,0,0
2012,210052,1,0,0,0,0
2012,210055,1,0,0,0,0
2012,210056,1,0,0,0,0
2012,210060,1,0,0,0,0
2012,210064,1,0,0,0,0
2012,210070,1,0,0,0,0
2012,210071,1,0,0,0,0
2012,210072,1,0,0,0,0
2012,210073,1,0,0,0,0
2012,210077,1,0,0,0,0
2012,210078,1,0,0,0,0
2012,210080,1,0,0,0,0
2012,210081,1,0,0,0,0
2012,210082,1,0,0,0,0
2012,210083,1,0,0,0,0
2012,210088,1,0,0,0,0
2012,210089,1,0,0,0,0
2012,210090,1,0,0,0,0
2012,210092,1,0,0,0,0
2012,210093,1,0,0,0,0
2012,220037,1,0,0,0,0
2012,220045,1,0,0,0,0
2012,220058,1,0,0,0,0
2012,220066,1,0,0,0,0
2012,220072,1,0,0,0,0
2012,220076,1,0,0,0,0
2012,220077,1,0,0,0,0
2012,220079,1,0,0,0,0
2012,220083,1,0,0,0,0
2012,220085,1,0,0,0,0
2012,220093,1,0,0,0,0
2012,220099,1,0,0,0,0
2012,220100,1,0,0,0,0
2012,230004,1,0,0,0,0
2012,230058,1,0,0,0,0
2012,230065,1,0,0,0,0
2012,230067,1,0,0,0,0
2012,230068,1,0,0,0,0
2012,230093,1,0,0,0,0
2012,230094,1,0,0,0,0
2012,230095,1,0,0,0,0
2012,230097,1,0,0,0,0
2012,230098,1,0,0,0,0
2012,230102,1,0,0,0,0
2012,230117,1,0,0,0,0
2012,240009,1,0,0,0,0
2012,240028,1,0,0,0,0
2012,240044,1,0,0,0,0
2012,240057,1,0,0,0,0
2012,240058,1,0,0,0,0
2012,240084,1,0,0,0,0
2012,240085,1,0,0,0,0
2012,240091,1,0,0,0,0
2012,240115,1,0,0,0,0
2012,240123,1,0,0,0,0
2012,240149,1,0,0,0,0
2012,240155,1,0,0,0,0
2012,240161,1,0,0,0,0
2012,240162,1,0,0,0,0
2012,240164,1,0,0,0,0
2012,240167,1,0,0,0,0
2012,240168,1,0,0,0,0
2012,250010,1,0,0,0,0
2012,250022,1,0,0,0,0
2012,250024,1,0,0,0,0
2012,250025,1,0,0,0,0
2012,250026,1,0,0,0,0
2012,250028,1,0,0,0,0
2012,250029,1,0,0,0,0
2012,250030,1,0,0,0,0
2012,250031,1,0,0,0,0
2012,250033,1,0,0,0,0
2012,250035,1,0,0,0,0
2012,250040,1,0,0,0,0
2012,250041,1,0,0,0,0
2012,250042,1,0,0,0,0
2012,250043,1,0,0,0,0
2012,250044,1,0,0,0,0
2012,250049,1,0,0,0,0
2012,250052,1,0,0,0,0
2012,250054,1,0,0,0,1
2012,250057,1,0,0,0,0
2012,250058,1,0,0,0,1
2012,250062,1,0,0,0,0
2012,250064,1,0,0,0,0
2012,260021,1,0,0,0,0
2012,260023,1,0,0,0,0
2012,260024,1,0,0,0,0
2012,260026,1,0,0,0,0
2012,260030,1,0,0,0,0
2012,260031,1,0,0,0,0
2012,260039,1,0,0,0,0
2012,260040,1,0,0,0,0
2012,260052,1,0,0,0,0
2012,260054,1,0,0,0,0
2012,260057,1,0,0,0,0
2012,260058,1,0,0,0,0
2012,260061,1,0,0,0,0
2012,260063,1,0,0,0,0
2012,260064,1,0,0,0,0
2012,260067,1,0,0,0,0
2012,260068,1,0,0,0,0
2012,260071,1,0,0,0,0
2012,260072,1,0,0,0,0
2012,260073,1,0,0,0,0
2012,260074,1,0,0,0,0
2012,260075,1,0,0,0,0
2012,260076,1,0,0,0,0
2012,260077,1,0,0,0,0
2012,260078,1,0,0,0,0
2012,260080,1,0,0,0,0
2012,260083,1,0,0,0,0
2012,260084,1,0,0,0,0
2012,260087,1,0,0,0,0
2012,260088,1,0,0,0,0
2012,260091,1,0,0,0,0
2012,260093,1,0,0,0,0
2012,260094,1,0,0,0,0
2012,260141,1,0,0,0,0
2012,260142,1,0,0,0,0
2012,270032,1,0,0,0,0
2012,280027,1,0,0,0,0
2012,280062,1,0,0,0,0
2012,280068,1,0,0,0,0
2012,280072,1,0,0,0,0
2012,280108,1,0,0,0,0
2012,290003,1,0,0,0,0
2012,290012,1,0,0,0,0
2012,290022,1,0,0,0,0
2012,290023,1,0,0,0,0
2012,290033,1,0,0,0,0
2012,290034,1,0,0,0,0
2012,290047,1,0,0,0,0
2012,290052,1,0,0,0,0
2012,290062,1,0,0,0,0
2012,290075,1,0,0,0,0
2012,290080,1,0,0,0,0
2012,290083,1,0,0,0,0
2012,290085,1,0,0,0,0
2012,290089,1,0,0,0,0
2012,290104,1,0,0,0,0
2012,290110,1,0,0,0,0
2012,290137,1,0,0,0,0
2012,290157,1,0,0,0,0
2012,290163,1,0,0,0,0
2012,290167,1,0,0,0,0
2012,290172,1,0,0,0,0
2012,290173,1,0,0,0,0
2012,290180,1,0,0,0,0
2012,300006,1,0,0,0,0
2012,300007,1,0,0,0,0
2012,300012,1,0,0,0,1
2012,300014,1,0,0,0,0
2012,300024,1,0,0,0,0
2012,300030,1,0,0,0,0
2012,300038,1,0,0,0,0
2012,300043,1,0,0,0,0
2012,300046,1,0,0,0,0
2012,300050,1,0,0,0,1
2012,300054,1,0,0,0,0
2012,300062,1,0,0,0,0
2012,300069,1,0,0,0,0
2012,300074,1,0,0,0,0
2012,300078,1,0,0,0,1
2012,300079,1,0,0,0,0
2012,300081,1,0,0,0,0
2012,300098,1,0,0,0,0
2012,300099,1,0,0,0,0
2012,300105,1,0,0,0,0
2012,300110,1,0,0,0,0
2012,300116,1,0,0,0,0
2012,300118,1,0,0,0,0
2012,300164,1,0,0,0,0
2012,300169,1,0,0,0,0
2012,300171,1,0,0,0,0
2012,300175,1,0,0,0,0
2012,300178,1,0,0,0,0
2012,300182,1,0,0,0,0
2012,300183,1,0,0,0,0
2012,300184,1,0,0,0,0
2012,300186,1,0,0,0,0
2012,300190,1,0,0,0,0
2012,300191,1,0,0,0,0
2012,300192,1,0,0,0,0
2012,300193,1,0,0,0,0
2012,300194,1,0,0,0,0
2012,300195,1,0,0,0,0
2012,300197,1,0,0,0,0
2012,300198,1,0,0,0,0
2012,300200,1,0,0,0,0
2012,300202,1,0,0,0,0
2012,300211,1,0,0,0,0
2012,300212,1,0,0,0,0
2012,300214,1,0,0,0,1
2012,300217,1,0,0,0,0
2012,300218,1,0,0,0,0
2012,300220,1,0,0,0,0
2012,310007,1,0,0,0,0
2012,310008,1,0,0,0,0
2012,310012,1,0,0,0,0
2012,310017,1,0,0,0,0
2012,310022,1,0,0,0,0
2012,310025,1,0,0,0,0
2012,310029,1,0,0,0,0
2012,310030,1,0,0,0,0
2012,310031,1,0,0,0,0
2012,310032,1,0,0,0,0
2012,310033,1,0,0,0,0
2012,310034,1,0,0,0,0
2012,310035,1,0,0,0,0
2012,310036,1,0,0,0,0
2012,310037,1,0,0,0,0
2012,310041,1,0,0,0,0
2012,310043,1,0,0,0,0
2012,310045,1,0,0,0,0
2012,310047,1,0,0,0,0
2012,310048,1,0,0,0,0
2012,310050,1,0,0,0,1
2012,310059,1,0,0,0,0
2012,310061,1,0,0,0,1
2012,310063,1,0,0,0,0
2012,310064,1,0,0,0,0
2012,310071,1,0,0,0,0
2012,310073,1,0,0,0,0
2012,310074,1,0,0,0,0
2012,310075,1,0,0,0,0
2012,310076,1,0,0,0,0
2012,310077,1,0,0,0,0
2012,310078,1,0,0,0,0
2012,310079,1,0,0,0,0
2012,310080,1,0,0,0,0
2012,310082,1,0,0,0,0
2012,310083,1,0,0,0,0
2012,310084,1,0,0,0,0
2012,310085,1,0,0,0,0
2012,310086,1,0,0,0,0
2012,310087,1,0,0,0,1
2012,310088,1,0,0,0,0
2012,310089,1,0,0,0,0
2012,310090,1,0,0,0,0
2012,310092,1,0,0,0,0
2012,310093,1,0,0,0,0
2012,310099,1,0,0,0,0
2012,310100,1,0,0,0,0
2012,310102,1,0,0,0,0
2012,310103,1,0,0,0,0
2012,310105,1,0,0,0,0
2012,310109,1,0,0,0,0
2012,310110,1,0,0,0,0
2012,320025,1,0,0,0,0
2012,320031,1,0,0,0,0
2012,320032,1,0,0,0,0
2012,320033,1,0,0,0,0
2012,320035,1,0,0,0,0
2012,320036,1,0,0,0,0
2012,320037,1,0,0,0,0
2012,320038,1,0,0,0,0
2012,320039,1,0,0,0,0
2012,320040,1,0,0,0,0
2012,320065,1,0,0,0,0
2012,320126,1,0,0,0,0
2012,320132,1,0,0,0,0
2012,320133,1,0,0,0,0
2012,320135,1,0,0,0,0
2012,320143,1,0,0,0,0
2012,320144,1,0,0,0,0
2012,320152,1,0,0,0,0
2012,320157,1,0,0,0,0
2012,320158,1,0,0,0,0
2012,320159,1,0,0,0,0
2012,320160,1,0,0,0,0
2012,320171,1,0,0,0,0
2012,320172,1,0,0,0,0
2012,320174,1,0,0,0,0
2012,320187,1,0,0,0,0
2012,320191,1,0,0,0,0
2012,320193,1,0,0,0,0
2012,320194,1,0,0,0,0
2012,320206,1,0,0,0,0
2012,320208,1,0,0,0,0
2012,330028,1,0,0,0,0
2012,330041,1,0,0,0,0
2012,330044,1,0,0,0,0
2012,330047,1,0,0,0,0
2012,330050,1,0,0,0,0
2012,330054,1,0,0,0,0
2012,330066,1,0,0,0,0
2012,340001,1,0,0,0,0
2012,340002,1,0,0,0,0
2012,340003,1,0,0,0,0
2012,340005,1,0,0,0,0
2012,340006,1,0,0,0,1
2012,340008,1,0,0,0,0
2012,340009,1,0,0,0,0
2012,340010,1,0,0,0,0
2012,340013,1,0,0,0,0
2012,340014,1,0,0,0,0
2012,340016,1,0,0,0,0
2012,340017,1,0,0,0,0
2012,340019,1,0,0,0,0
2012,340020,1,0,0,0,0
2012,340021,1,0,0,0,0
2012,340022,1,0,0,0,0
2012,340024,1,0,0,0,1
2012,340025,1,0,0,0,0
2012,340026,1,0,0,0,0
2012,340027,1,0,0,0,0
2012,340028,1,0,0,0,0
2012,340029,1,0,0,0,0
2012,340030,1,0,0,0,0
2012,340031,1,0,0,0,0
2012,340035,1,0,0,0,0
2012,340036,1,0,0,0,0
2012,340038,1,0,0,0,0
2012,340043,1,0,0,0,0
2012,340044,1,0,0,0,0
2012,340051,1,0,0,0,0
2012,340052,1,0,0,0,0
2012,340053,1,0,0,0,0
2012,340054,1,0,0,0,0
2012,340055,1,0,0,0,0
2012,340056,1,0,0,0,0
2012,340058,1,0,0,0,1
2012,340059,1,0,0,0,0
2012,340060,1,0,0,0,0
2012,340061,1,0,0,0,0
2012,340062,1,0,0,0,1
2012,340063,1,0,0,0,0
2012,340064,1,0,0,0,0
2012,340065,1,0,0,0,0
2012,340066,1,0,0,0,0
2012,340067,1,0,0,0,0
2012,340069,1,0,0,0,0
2012,340070,1,0,0,0,0
2012,340072,1,0,0,0,0
2012,340073,1,0,0,0,0
2012,340074,1,0,0,0,0
2012,340076,1,0,0,0,0
2012,340077,1,0,0,0,0
2012,340078,1,0,0,0,0
2012,340079,1,0,0,0,0
2012,340080,1,0,0,0,0
2012,340081,1,0,0,0,0
2012,340084,1,0,0,0,0
2012,340085,1,0,0,0,0
2012,350014,1,0,0,0,0
2012,350018,1,0,0,0,0
2012,350021,1,0,0,0,0
2012,350027,1,0,0,0,0
2012,350028,1,0,0,0,0
2012,350030,1,0,0,0,0
2012,350031,1,0,0,0,0
2012,350034,1,0,0,0,0
2012,350038,1,0,0,0,0
2012,350040,1,0,0,0,0
2012,350044,1,0,0,0,0
2012,350045,1,0,0,0,0
2012,350049,1,0,0,0,0
2012,350050,1,0,0,0,0
2012,350054,1,0,0,0,0
2012,350057,1,0,0,0,0
2012,350058,1,0,0,0,0
2012,350063,1,0,0,0,0
2012,350065,1,0,0,0,0
2012,350067,1,0,0,0,0
2012,350098,1,0,0,0,0
2012,350101,1,0,0,0,0
2012,350110,1,0,0,0,0
2012,350111,1,0,0,0,0
2012,350112,1,0,0,0,0
2012,350114,1,0,0,0,0
2012,350116,1,0,0,0,0
2012,350121,1,0,0,0,0
2012,350124,1,0,0,0,0
2012,350125,1,0,0,0,0
2012,350127,1,0,0,0,0
2012,350129,1,0,0,0,0
2012,350130,1,0,0,0,0
2012,360001,1,0,0,0,0
2012,360002,1,0,0,0,0
2012,360008,1,0,0,0,0
2012,360009,1,0,0,0,0
2012,360011,1,0,0,0,0
2012,360012,1,0,0,0,0
2012,360013,1,0,0,0,0
2012,360014,1,0,0,0,0
2012,360016,1,0,0,0,0
2012,360017,1,0,0,0,0
2012,360022,1,0,0,0,0
2012,360024,1,0,0,0,0
2012,360025,1,0,0,0,0
2012,360026,1,0,0,0,0
2012,360027,1,0,0,0,0
2012,360028,1,0,0,0,0
2012,360029,1,0,0,0,0
2012,360031,1,0,0,0,0
2012,360032,1,0,0,0,0
2012,360037,1,0,0,0,0
2012,360038,1,0,0,0,0
2012,360041,1,0,0,0,0
2012,360045,1,0,0,0,0
2012,360048,1,0,0,0,0
2012,360049,1,0,0,0,0
2012,360054,1,0,0,0,0
2012,360055,1,0,0,0,0
2012,360056,1,0,0,0,0
2012,360057,1,0,0,0,0
2012,360058,1,0,0,0,0
2012,360065,1,0,0,0,0
2012,360069,1,0,0,0,0
2012,360070,1,0,0,0,0
2012,360076,1,0,0,0,0
2012,360077,1,0,0,0,0
2012,360079,1,0,0,0,0
2012,360080,1,0,0,0,0
2012,360081,1,0,0,0,0
2012,360084,1,0,0,0,0
2012,360088,1,0,0,0,0
2012,360090,1,0,0,0,0
2012,370019,1,0,0,0,0
2012,370032,1,0,0,0,0
2012,370034,1,0,0,0,0
2012,370038,1,0,0,0,0
2012,370040,1,0,0,0,0
2015,20001,1,0,0,0,0
2015,20005,1,0,0,0,0
2015,20006,1,0,0,0,0
2015,20007,1,0,0,0,0
2015,20010,1,0,0,0,0
2015,20012,1,0,0,0,0
2015,20013,1,0,0,0,0
2015,20014,1,0,0,0,0
2015,20021,1,0,0,0,0
2015,20023,1,0,0,0,0
2015,20025,1,0,0,0,0
2015,20026,1,0,0,0,0
2015,20028,1,0,0,0,0
2015,20030,1,0,0,0,0
2015,20032,1,0,0,0,0
2015,20037,1,0,0,0,0
2015,20038,1,0,0,0,0
2015,20042,1,0,0,0,0
2015,20043,1,0,0,0,0
2015,20044,1,0,0,0,0
2015,20046,1,0,0,0,0
2015,20047,1,0,0,0,0
2015,20049,1,0,0,0,0
2015,20053,1,0,0,0,0
2015,20054,1,0,0,0,0
2015,20055,1,0,0,0,0
2015,20062,1,0,0,0,0
2015,20065,1,0,0,0,1
2015,20066,1,0,0,0,0
2015,20068,1,0,0,0,0
2015,20069,1,0,0,0,0
2015,20070,1,0,0,0,0
2015,20082,1,0,0,0,0
2015,20083,1,0,0,0,0
2015,20085,1,0,0,0,0
2015,20088,1,0,0,0,0
2015,20090,1,0,0,0,0
2015,20091,1,0,0,0,0
2015,20092,1,0,0,0,0
2015,20094,1,0,0,0,0
2015,20095,1,0,0,0,0
2015,20096,1,0,0,0,0
2015,20102,1,0,0,0,0
2015,20103,1,0,0,0,0
2015,20108,1,0,0,0,0
2015,20110,1,0,0,0,0
2015,20111,1,0,0,0,0
2015,20113,1,0,0,0,0
2015,20114,1,0,0,0,0
2015,20115,1,0,0,0,0
2015,20116,1,0,0,0,0
2015,20118,1,0,0,0,0
2015,20119,1,0,0,0,0
2015,20120,1,0,0,0,0
2015,30038,1,0,0,0,0
2015,30059,1,0,0,0,0
2015,30071,1,0,0,0,0
2015,30076,1,0,0,0,0
2015,30077,1,0,0,0,0
2015,30088,1,0,0,0,0
2015,30141,1,0,0,0,0
2015,30142,1,0,0,0,0
2015,40001,1,0,0,0,0
2015,40063,1,0,0,0,0
2015,40086,1,0,0,0,0
2015,40103,1,0,0,0,0
2015,40104,1,0,0,0,0
2015,40122,1,0,0,0,0
2015,40134,1,0,0,0,0
2015,40143,1,0,0,0,0
2015,40174,1,0,0,0,0
2015,50001,1,0,0,0,0
2015,50002,1,0,0,0,0
2015,50005,1,0,0,0,0
2015,50006,1,0,0,0,0
2015,50007,1,0,0,0,0
2015,50008,1,0,0,0,0
2015,50009,1,0,0,0,0
2015,50011,1,0,0,0,0
2015,50016,1,0,0,0,0
2015,50021,1,0,0,0,0
2015,50022,1,0,0,0,0
2015,50023,1,0,0,0,0
2015,50025,1,0,0,0,0
2015,50026,1,0,0,0,0
2015,50028,1,0,0,0,0
2015,50029,1,0,0,0,0
2015,50030,1,0,0,0,0
2015,50032,1,0,0,0,0
2015,50034,1,0,0,0,0
2015,50036,1,0,0,0,0
2015,50037,1,0,0,0,0
2015,50038,1,0,0,0,0
2015,50039,1,0,0,0,0
2015,50042,1,0,0,0,0
2015,50043,1,0,0,0,0
2015,50045,1,0,0,0,0
2015,50046,1,0,0,0,0
2015,50048,1,0,0,0,0
2015,50051,1,0,0,0,0
2015,50053,1,0,0,0,0
2015,50054,1,0,0,0,0
2015,50055,1,0,0,0,0
2015,50056,1,0,0,0,1
2015,50057,1,0,0,0,0
2015,50059,1,0,0,0,1
2015,50060,1,0,0,0,0
2015,50062,1,0,0,0,0
2015,50063,1,0,0,0,0
2015,50064,1,0,0,0,0
2015,50065,1,0,0,0,0
2015,50067,1,0,0,0,0
2015,50068,1,0,0,0,0
2015,50069,1,0,0,0,0
2015,50071,1,0,0,0,0
2015,50074,1,0,0,0,0
2015,50077,1,0,0,0,0
2015,50080,1,0,0,0,0
2015,50082,1,0,0,0,0
2015,50083,1,0,0,0,0
2015,50088,1,0,0,0,0
2015,50092,1,0,0,0,0
2015,50093,1,0,0,0,0
2015,50094,1,0,0,0,0
2015,50095,1,0,0,0,0
2015,50096,1,0,0,0,0
2015,50098,1,0,0,0,0
2015,50099,1,0,0,0,0
2015,50100,1,0,0,0,0
2015,50110,1,0,0,0,0
2015,50115,1,0,0,0,0
2015,50116,1,0,0,0,1
2015,50119,1,0,0,0,0
2015,50131,1,0,0,0,0
2015,50132,1,0,0,0,0
2015,50133,1,0,0,0,0
2015,50135,1,0,0,0,0
2015,50136,1,0,0,0,0
2015,50137,1,0,0,0,0
2015,50143,1,0,0,0,0
2015,50144,1,0,0,0,0
2015,50146,1,0,0,0,0
2015,50148,1,0,0,0,0
2015,50149,1,0,0,0,0
2015,50152,1,0,0,0,0
2015,50154,1,0,0,0,0
2015,50155,1,0,0,0,0
2015,50156,1,0,0,0,0
2015,50157,1,0,0,0,0
2015,50159,1,0,0,0,0
2015,50161,1,0,0,0,0
2015,50162,1,0,0,0,0
2015,50164,1,0,0,0,0
2015,50165,1,0,0,0,0
2015,50166,1,0,0,0,0
2015,50167,1,0,0,0,0
2015,50169,1,0,0,0,0
2015,60008,1,0,0,0,0
2015,60014,1,0,0,0,0
2015,60020,1,0,0,0,0
2015,60021,1,0,0,0,0
2015,60024,1,0,0,0,0
2015,60026,1,0,0,0,0
2015,60027,1,0,0,0,0
2015,60030,1,0,0,0,0
2015,60038,1,0,0,0,0
2015,60040,1,0,0,0,0
2015,60052,1,0,0,0,0
2015,70003,1,0,0,0,0
2015,70008,1,0,0,0,0
2015,70010,1,0,0,0,0
2015,70012,1,0,0,0,0
2015,70013,1,0,0,0,0
2015,70016,1,0,0,0,0
2015,70018,1,0,0,0,0
2015,70019,1,0,0,0,0
2015,70020,1,0,0,0,0
2015,70022,1,0,0,0,0
2015,70028,1,0,0,0,0
2015,70029,1,0,0,0,0
2015,70030,1,0,0,0,0
2015,70033,1,0,0,0,0
2015,70034,1,0,0,0,0
2015,70035,1,0,0,0,0
2015,70036,1,0,0,0,0
2015,70040,1,0,0,0,0
2015,70042,1,0,0,0,0
2015,70043,1,0,0,0,0
2015,70044,1,0,0,0,1
2015,70045,1,0,0,0,0
2015,70046,1,0,0,0,0
2015,70047,1,0,0,0,0
2015,70049,1,0,0,0,1
2015,70050,1,0,0,0,0
2015,70051,1,0,0,0,0
2015,70052,1,0,0,0,1
2015,70053,1,0,0,0,0
2015,70054,1,0,0,0,0
2015,70055,1,0,0,0,0
2015,70059,1,0,0,0,0
2015,70062,1,0,0,0,0
2015,70064,1,0,0,0,0
2015,70066,1,0,0,0,0
2015,70067,1,0,0,0,0
2015,70068,1,0,0,0,0
2015,70070,1,0,0,0,0
2015,70071,1,0,0,0,0
2015,70072,1,0,0,0,0
2015,70073,1,0,0,0,0
2015,70076,1,0,0,0,0
2015,70078,1,0,0,0,0
2015,70079,1,0,0,0,0
2015,70080,1,0,0,0,0
2015,70083,1,0,0,0,0
2015,70101,1,0,0,0,0
2015,70117,1,0,0,0,0
2015,70123,1,0,0,0,0
2015,70124,1,0,0,0,0
2015,70127,1,0,0,0,0
2015,70129,1,0,0,0,0
2015,80003,1,0,0,0,0
2015,80013,1,0,0,0,0
2015,80014,1,0,0,0,0
2015,80081,1,0,0,0,0
2015,80082,1,0,0,0,0
2015,80083,1,0,0,0,0
2015,80085,1,0,0,0,0
2015,80088,1,0,0,0,0
2015,80108,1,0,0,0,0
2015,80109,1,0,0,0,0
2015,80144,1,0,0,0,0
2015,80145,1,0,0,0,0
2015,80146,1,0,0,0,0
2015,80148,1,0,0,0,0
2015,80156,1,0,0,0,0
2015,80207,1,0,0,0,0
2015,90004,1,0,0,0,0
2015,90014,1,0,0,0,0
2015,90025,1,0,0,0,0
2015,90026,1,0,0,0,0
2015,90036,1,0,0,0,0
2015,90039,1,0,0,0,0
2015,90059,1,0,0,0,0
2015,90063,1,0,0,0,0
2015,90064,1,0,0,0,0
2015,90068,1,0,0,0,0
2015,90069,1,0,0,0,0
2015,90070,1,0,0,0,0
2015,90071,1,0,0,0,0
2015,90091,1,0,0,0,0
2015,90093,1,0,0,0,0
2015,90094,1,0,0,0,0
2015,90095,1,0,0,0,0
2015,90096,1,0,0,0,0
2015,90097,1,0,0,0,0
2015,90099,1,0,0,0,0
2015,90107,1,0,0,0,0
2015,90113,1,0,0,0,0
2015,90116,1,0,0,0,0
2015,90121,1,0,0,0,0
2015,90122,1,0,0,0,0
2015,90123,1,0,0,0,0
2015,90124,1,0,0,0,0
2015,90126,1,0,0,0,0
2015,90127,1,0,0,0,0
2015,90128,1,0,0,0,0
2015,90129,1,0,0,0,0
2015,90130,1,0,0,0,0
2015,100083,1,0,0,0,0
2015,100104,1,0,0,0,0
2015,110022,1,0,0,0,0
2015,110023,1,0,0,0,0
2015,110027,1,0,0,0,0
2015,110029,1,0,0,0,0
2015,110035,1,0,0,0,0
2015,110038,1,0,0,0,0
2015,110041,1,0,0,0,0
2015,110044,1,0,0,0,0
2015,110049,1,0,0,0,0
2015,110066,1,0,0,0,0
2015,110068,1,0,0,0,0
2015,110069,1,0,0,0,0
2015,110083,1,0,0,0,0
2015,110085,1,0,0,0,0
2015,110086,1,0,0,0,0
2015,110090,1,0,0,0,0
2015,110092,1,0,0,0,0
2015,110095,1,0,0,0,0
2015,110097,1,0,0,0,0
2015,110098,1,0,0,0,0
2015,110099,1,0,0,0,0
2015,110100,1,0,0,0,0
2015,110102,1,0,0,0,0
2015,110109,1,0,0,0,0
2015,110119,1,0,0,0,0
2015,110125,1,0,0,0,0
2015,110126,1,0,0,0,0
2015,110130,1,0,0,0,0
2015,110134,1,0,0,0,0
2015,110136,1,0,0,0,0
2015,110137,1,0,0,0,0
2015,120010,1,0,0,0,0
2015,120014,1,0,0,0,0
2015,120032,1,0,0,0,0
2015,120041,1,0,0,0,0
2015,120044,1,0,0,0,0
2015,120046,1,0,0,0,0
2015,120049,1,0,0,0,0
2015,120051,1,0,0,0,0
2015,120053,1,0,0,0,0
2015,120056,1,0,0,0,0
2015,120064,1,0,0,0,0
2015,120069,1,0,0,0,0
2015,120092,1,0,0,0,0
2015,120100,1,0,0,0,0
2015,130010,1,0,0,0,0
2015,130014,1,0,0,0,0
2015,130025,1,0,0,0,0
2015,130029,1,0,0,0,0
2015,130056,1,0,0,0,0
2015,140001,1,0,0,0,0
2015,140003,1,0,0,0,0
2015,140004,1,0,0,0,0
2015,140006,1,0,0,0,0
2015,140019,1,0,0,0,0
2015,140030,1,0,0,0,0
2015,140036,1,0,0,0,0
2015,140037,1,0,0,0,0
2015,140038,1,0,0,0,0
2015,140070,1,0,0,0,0
2015,140076,1,0,0,0,0
2015,140084,1,0,0,0,0
2015,140085,1,0,0,0,0
2015,140087,1,0,0,0,0
2015,140089,1,0,0,0,0
2015,140104,1,0,0,0,0
2015,140109,1,0,0,0,0
2015,140112,1,0,0,0,0
2015,140116,1,0,0,0,0
2015,140119,1,0,0,0,0
2015,140136,1,0,0,0,0
2015,150011,1,0,0,0,0
2015,150012,1,0,0,0,0
2015,150014,1,0,0,0,0
2015,150015,1,0,0,0,0
2015,150016,1,0,0,0,0
2015,150017,1,0,0,0,0
2015,150019,1,0,0,0,0
2015,150023,1,0,0,0,0
2015,150028,1,0,0,0,0
2015,150033,1,0,0,0,0
2015,150034,1,0,0,0,0
2015,150035,1,0,0,0,0
2015,150037,1,0,0,0,0
2015,150039,1,0,0,0,0
2015,150040,1,0,0,0,0
2015,150042,1,0,0,0,0
2015,150044,1,0,0,0,0
2015,150045,1,0,0,0,0
2015,150048,1,0,0,0,0
2015,150049,1,0,0,0,0
2015,150050,1,0,0,0,0
2015,150053,1,0,0,0,0
2015,150055,1,0,0,0,0
2015,150057,1,0,0,0,0
2015,150062,1,0,0,0,1
2015,150066,1,0,0,0,0
2015,150076,1,0,0,0,0
2015,150078,1,0,0,0,0
2015,160014,1,0,0,0,0
2015,160025,1,0,0,0,0
2015,160029,1,0,0,0,0
2015,160032,1,0,0,0,0
2015,160046,1,0,0,0,0
2015,160048,1,0,0,0,0
2015,160049,1,0,0,0,0
2015,160059,1,0,0,0,0
2015,160145,1,0,0,0,0
2015,160154,1,0,0,0,0
2015,160164,1,0,0,0,0
2015,160169,1,0,0,0,0
2015,170001,1,0,0,0,0
2015,170002,1,0,0,0,0
2015,170003,1,0,0,0,0
2015,170004,1,0,0,0,0
2015,170006,1,0,0,0,0
2015,170007,1,0,0,0,0
2015,170008,1,0,0,0,1
2015,170009,1,0,0,0,0
2015,170010,1,0,0,0,0
2015,170012,1,0,0,0,0
2015,170017,1,0,0,0,0
2015,170018,1,0,0,0,0
2015,170020,1,0,0,0,0
2015,170022,1,0,0,0,0
2015,170023,1,0,0,0,0
2015,170041,1,0,0,0,0
2015,170043,1,0,0,0,0
2015,170044,1,0,0,0,0
2015,170047,1,0,0,0,0
2015,170048,1,0,0,0,0
2015,170049,1,0,0,0,0
2015,170051,1,0,0,0,0
2015,170052,1,0,0,0,0
2015,170054,1,0,0,0,0
2015,170057,1,0,0,0,0
2015,170058,1,0,0,0,0
2015,170059,1,0,0,0,0
2015,170061,1,0,0,0,0
2015,170063,1,0,0,0,0
2015,170069,1,0,0,0,0
2015,170070,1,0,0,0,0
2015,170073,1,0,0,0,0
2015,170078,1,0,0,0,0
2015,170081,1,0,0,0,0
2015,170085,1,0,0,0,0
2015,170086,1,0,0,0,0
2015,170087,1,0,0,0,0
2015,170089,1,0,0,0,0
2015,170091,1,0,0,0,0
2015,170096,1,0,0,0,0
2015,170100,1,0,0,0,0
2015,170103,1,0,0,0,0
2015,170104,1,0,0,0,0
2015,170105,1,0,0,0,0
2015,170106,1,0,0,0,0
2015,170109,1,0,0,0,0
2015,170110,1,0,0,0,0
2015,170111,1,0,0,0,0
2015,170113,1,0,0,0,0
2015,170114,1,0,0,0,0
2015,170117,1,0,0,0,0
2015,170121,1,0,0,0,0
2015,170122,1,0,0,0,0
2015,170123,1,0,0,0,1
2015,170125,1,0,0,0,0
2015,170126,1,0,0,0,0
2015,170128,1,0,0,0,0
2015,170129,1,0,0,0,0
2015,170130,1,0,0,0,0
2015,180006,1,0,0,0,0
2015,180018,1,0,0,0,0
2015,180022,1,0,0,0,0
2015,180036,1,0,0,0,0
2015,180040,1,0,0,0,0
2015,180043,1,0,0,0,0
2015,180045,1,0,0,0,0
2015,180046,1,0,0,0,0
2015,180054,1,0,0,0,0
2015,180055,1,0,0,0,0
2015,180056,1,0,0,0,0
2015,180057,1,0,0,0,0
2015,180058,1,0,0,0,0
2015,180059,1,0,0,0,0
2015,180060,1,0,0,0,0
2015,180061,1,0,0,0,0
2015,180064,1,0,0,0,0
2015,180066,1,0,0,0,0
2015,180067,1,0,0,0,0
2015,180068,1,0,0,0,0
2015,180069,1,0,0,0,1
2015,180075,1,0,0,0,0
2015,180079,1,0,0,0,0
2015,180080,1,0,0,0,0
2015,180087,1,0,0,0,0
2015,180089,1,0,0,0,0
2015,180090,1,0,0,0,0
2015,180091,1,0,0,0,0
2015,180092,1,0,0,0,0
2015,180096,1,0,0,0,0
2015,180097,1,0,0,0,0
2015,180098,1,0,0,0,0
2015,180099,1,0,0,0,1
2015,180101,1,0,0,0,0
2015,180110,1,0,0,0,0
2015,180111,1,0,0,0,0
2015,180112,1,0,0,0,0
2015,180117,1,0,0,0,0
2015,180118,1,0,0,0,0
2015,180120,1,0,0,0,0
2015,190011,1,0,0,0,0
2015,190019,1,0,0,0,0
2015,190024,1,0,0,0,0
2015,190029,1,0,0,0,0
2015,190042,1,0,0,0,0
2015,190044,1,0,0,0,0
2015,190045,1,0,0,0,0
2015,190046,1,0,0,0,0
2015,190048,1,0,0,0,0
2015,190053,1,0,0,0,0
2015,190061,1,0,0,0,0
2015,190062,1,0,0,0,0
2015,190063,1,0,0,0,0
2015,190065,1,0,0,0,0
2015,190071,1,0,0,0,0
2015,190081,1,0,0,0,0
2015,190084,1,0,0,0,0
2015,190096,1,0,0,0,0
2015,190097,1,0,0,0,1
2015,190102,1,0,0,0,0
2015,190105,1,0,0,0,0
2015,190108,1,0,0,0,0
2015,190109,1,0,0,0,1
2015,190124,1,0,0,0,0
2015,190125,1,0,0,0,0
2015,190126,1,0,0,0,0
2015,190128,1,0,0,0,0
2015,190135,1,0,0,0,0
2015,190138,1,0,0,0,0
2015,190142,1,0,0,0,0
2015,190143,1,0,0,0,0
2015,190144,1,0,0,0,0
2015,190145,1,0,0,0,0
2015,190147,1,0,0,0,0
2015,190148,1,0,0,0,0
2015,190149,1,0,0,0,0
2015,190150,1,0,0,0,0
2015,190151,1,0,0,0,0
2015,190156,1,0,0,0,0
2015,190157,1,0,0,0,0
2015,190158,1,0,0,0,0
2015,190161,1,0,0,0,0
2015,190162,1,0,0,0,0
2015,190163,1,0,0,0,0
2015,190164,1,0,0,0,0
2015,190167,1,0,0,0,0
2015,190168,1,0,0,0,0
2015,190172,1,0,0,0,0
2015,190178,1,0,0,0,0
2015,190180,1,0,0,0,0
2015,190181,1,0,0,0,0
2015,190189,1,0,0,0,0
2015,190190,1,0,0,0,0
2015,190192,1,0,0,0,0
2015,190193,1,0,0,0,0
2015,190194,1,0,0,0,0
2015,190198,1,0,0,0,0
2015,190199,1,0,0,0,0
2015,190200,1,0,0,0,0
2015,200011,1,0,0,0,0
2015,200014,1,0,0,0,0
2015,200015,1,0,0,0,1
2015,200016,1,0,0,0,1
2015,200018,1,0,0,0,0
2015,200019,1,0,0,0,0
2015,200024,1,0,0,0,0
2015,200025,1,0,0,0,0
2015,200026,1,0,0,0,0
2015,200027,1,0,0,0,0
2015,200028,1,0,0,0,0
2015,200030,1,0,0,0,0
2015,200031,1,0,0,0,0
2015,200032,1,0,0,0,0
2015,200033,1,0,0,0,0
2015,200040,1,0,0,0,0
2015,200041,1,0,0,0,0
2015,200042,1,0,0,0,0
2015,200044,1,0,0,0,0
2015,200045,1,0,0,0,0
2015,200047,1,0,0,0,0
2015,200048,1,0,0,0,0
2015,200049,1,0,0,0,0
2015,200050,1,0,0,0,0
2015,200060,1,0,0,0,0
2015,200061,1,0,0,0,0
2015,200062,1,0,0,0,0
2015,200064,1,0,0,0,0
2015,200068,1,0,0,0,0
2015,200069,1,0,0,0,1
2015,200077,1,0,0,0,0
2015,200078,1,0,0,0,0
2015,200085,1,0,0,0,0
2015,200087,1,0,0,0,0
2015,200088,1,0,0,0,0
2015,200089,1,0,0,0,0
2015,200092,1,0,0,0,0
2015,200093,1,0,0,0,0
2015,200099,1,0,0,0,0
2015,200103,1,0,0,0,0
2015,200104,1,0,0,0,0
2015,200106,1,0,0,0,0
2015,200108,1,0,0,0,0
2015,200111,1,0,0,0,0
2015,200116,1,0,0,0,0
2015,200121,1,0,0,0,0
2015,200122,1,0,0,0,0
2015,200123,1,0,0,0,0
2015,200127,1,0,0,0,0
2015,200128,1,0,0,0,0
2015,200135,1,0,0,0,0
2015,200136,1,0,0,0,0
2015,200146,1,0,0,0,0
2015,200147,1,0,0,0,0
2015,200150,1,0,0,0,0
2015,200153,1,0,0,0,0
2015,200155,1,0,0,0,0
2015,200156,1,0,0,0,0
2015,200157,1,0,0,0,0
2015,200160,1,0,0,0,0
2015,200165,1,0,0,0,0
2015,200166,1,0,0,0,0
2015,210013,1,0,0,0,0
2015,210015,1,0,0,0,0
2015,210017,1,0,0,0,0
2015,210020,1,0,0,0,0
2015,210021,1,0,0,0,0
2015,210022,1,0,0,0,0
2015,210027,1,0,0,0,0
2015,210029,1,0,0,0,0
2015,210031,1,0,0,0,0
2015,210033,1,0,0,0,0
2015,210034,1,0,0,0,0
2015,210037,1,0,0,0,0
2015,210041,1,0,0,0,0
2015,210042,1,0,0,0,0
2015,210043,1,0,0,0,0
2015,210045,1,0,0,0,0
2015,210048,1,0,0,0,0
2015,210049,1,0,0,0,0
2015,210050,1,0,0,0,0
2015,210052,1,0,0,0,0
2015,210053,1,0,0,0,1
2015,210055,1,0,0,0,0
2015,210056,1,0,0,0,0
2015,210057,1,0,0,0,0
2015,210061,1,0,0,0,1
2015,210062,1,0,0,0,0
2015,210067,1,0,0,0,0
2015,210069,1,0,0,0,0
2015,210070,1,0,0,0,0
2015,210074,1,0,0,0,0
2015,210079,1,0,0,0,0
2015,210082,1,0,0,0,0
2015,210083,1,0,0,0,0
2015,210087,1,0,0,0,0
2015,210095,1,0,0,0,0
2015,210096,1,0,0,0,0
2015,210100,1,0,0,0,0
2015,220005,1,0,0,0,1
2015,220011,1,0,0,0,0
2015,220016,1,0,0,0,0
2015,220017,1,0,0,0,0
2015,220018,1,0,0,0,0
2015,220019,1,0,0,0,0
2015,220024,1,0,0,0,0
2015,220025,1,0,0,0,0
2015,220029,1,0,0,0,0
2015,220042,1,0,0,0,0
2015,220062,1,0,0,0,0
2015,220067,1,0,0,0,0
2015,220069,1,0,0,0,0
2015,220070,1,0,0,0,0
2015,220077,1,0,0,0,0
2015,220080,1,0,0,0,0
2015,220093,1,0,0,0,0
2015,220099,1,0,0,0,0
2015,220100,1,0,0,0,0
2015,220101,1,0,0,0,0
2015,220108,1,0,0,0,0
2015,220112,1,0,0,0,0
2015,220113,1,0,0,0,0
2015,230001,1,0,0,0,0
2015,230018,1,0,0,0,0
2015,230025,1,0,0,0,0
2015,230036,1,0,0,0,0
2015,230044,1,0,0,0,0
2015,230058,1,0,0,0,0
2015,230061,1,0,0,0,0
2015,230068,1,0,0,0,0
2015,230070,1,0,0,0,0
2015,230074,1,0,0,0,0
2015,230093,1,0,0,0,0
2015,230095,1,0,0,0,0
2015,230104,1,0,0,0,0
2015,230108,1,0,0,0,0
2015,230110,1,0,0,0,0
2015,230111,1,0,0,0,0
2015,230112,1,0,0,0,0
2015,230114,1,0,0,0,0
2015,230115,1,0,0,0,0
2015,240012,1,0,0,0,0
2015,240044,1,0,0,0,0
2015,240058,1,0,0,0,0
2015,240065,1,0,0,0,0
2015,240075,1,0,0,0,0
2015,240105,1,0,0,0,0
2015,240109,1,0,0,0,0
2015,240118,1,0,0,0,0
2015,240119,1,0,0,0,0
2015,240132,1,0,0,0,0
2015,240133,1,0,0,0,0
2015,240163,1,0,0,0,0
2015,240168,1,0,0,0,0
2015,250005,1,0,0,0,0
2015,250006,1,0,0,0,0
2015,250008,1,0,0,0,0
2015,250010,1,0,0,0,1
2015,250011,1,0,0,0,0
2015,250014,1,0,0,0,0
2015,250023,1,0,0,0,0
2015,250024,1,0,0,0,0
2015,250025,1,0,0,0,0
2015,250026,1,0,0,0,0
2015,250028,1,0,0,0,0
2015,250033,1,0,0,0,0
2015,250035,1,0,0,0,0
2015,250036,1,0,0,0,0
2015,250043,1,0,0,0,0
2015,250055,1,0,0,0,0
2015,250057,1,0,0,0,0
2015,250060,1,0,0,0,0
2015,250064,1,0,0,0,0
2015,260005,1,0,0,0,0
2015,260021,1,0,0,0,0
2015,260022,1,0,0,0,0
2015,260024,1,0,0,0,0
2015,260026,1,0,0,0,0
2015,260028,1,0,0,0,1
2015,260031,1,0,0,0,0
2015,260032,1,0,0,0,0
2015,260033,1,0,0,0,0
2015,260039,1,0,0,0,0
2015,260040,1,0,0,0,0
2015,260047,1,0,0,0,0
2015,260054,1,0,0,0,0
2015,260056,1,0,0,0,0
2015,260057,1,0,0,0,0
2015,260060,1,0,0,0,0
2015,260061,1,0,0,0,0
2015,260064,1,0,0,0,0
2015,260065,1,0,0,0,0
2015,260066,1,0,0,0,0
2015,260067,1,0,0,0,0
2015,260068,1,0,0,0,0
2015,260070,1,0,0,0,0
2015,260072,1,0,0,0,0
2015,260073,1,0,0,0,0
2015,260074,1,0,0,0,0
2015,260076,1,0,0,0,0
2015,260077,1,0,0,0,0
2015,260079,1,0,0,0,0
2015,260083,1,0,0,0,0
2015,260084,1,0,0,0,0
2015,260089,1,0,0,0,0
2015,260091,1,0,0,0,0
2015,260092,1,0,0,0,0
2015,260101,1,0,0,0,0
2015,260107,1,0,0,0,0
2015,260109,1,0,0,0,0
2015,260110,1,0,0,0,0
2015,260112,1,0,0,0,0
2015,260113,1,0,0,0,0
2015,260114,1,0,0,0,0
2015,260126,1,0,0,0,0
2015,260127,1,0,0,0,0
2015,260128,1,0,0,0,0
2015,260131,1,0,0,0,0
2015,260133,1,0,0,0,0
2015,260135,1,0,0,0,0
2015,260141,1,0,0,0,0
2015,260142,1,0,0,0,0
2015,260143,1,0,0,0,0
2015,260147,1,0,0,0,0
2015,260150,1,0,0,0,0
2015,260151,1,0,0,0,0
2015,260152,1,0,0,0,0
2015,260156,1,0,0,0,0
2015,260157,1,0,0,0,0
2015,260168,1,0,0,0,0
2015,260169,1,0,0,0,0
2015,260171,1,0,0,0,0
2015,260172,1,0,0,0,0
2015,270015,1,0,0,0,0
2015,270019,1,0,0,0,0
2015,270035,1,0,0,0,0
2015,270042,1,0,0,0,0
2015,270047,1,0,0,0,0
2015,270051,1,0,0,0,0
2015,270059,1,0,0,0,0
2015,270071,1,0,0,0,0
2015,270082,1,0,0,0,0
2015,270085,1,0,0,0,0
2015,270086,1,0,0,0,0
2015,280020,1,0,0,0,0
2015,280023,1,0,0,0,0
2015,280053,1,0,0,0,0
2015,280057,1,0,0,0,0
2015,280062,1,0,0,0,0
2015,280077,1,0,0,0,1
2015,280082,1,0,0,0,0
2015,280091,1,0,0,0,0
2015,280094,1,0,0,0,0
2015,280095,1,0,0,0,0
2015,280103,1,0,0,0,0
2015,280108,1,0,0,0,1
2015,280121,1,0,0,0,0
2015,280122,1,0,0,0,0
2015,280124,1,0,0,0,0
2015,280127,1,0,0,0,0
2015,290009,1,0,0,0,0
2015,290017,1,0,0,0,0
2015,290024,1,0,0,0,0
2015,290030,1,0,0,0,0
2015,290033,1,0,0,0,0
2015,290034,1,0,0,0,0
2015,290040,1,0,0,0,0
2015,290063,1,0,0,0,0
2015,290089,1,0,0,0,0
2015,290104,1,0,0,0,0
2015,290126,1,0,0,0,0
2015,290137,1,0,0,0,0
2015,290154,1,0,0,0,0
2015,290155,1,0,0,0,0
2015,290167,1,0,0,0,0
2015,290177,1,0,0,0,0
2015,300006,1,0,0,0,0
2015,300035,1,0,0,0,0
2015,300043,1,0,0,0,0
2015,300097,1,0,0,0,0
2015,300098,1,0,0,0,0
2015,300136,1,0,0,0,0
2015,300137,1,0,0,0,1
2015,300141,1,0,0,0,0
2015,300145,1,0,0,0,0
2015,300160,1,0,0,0,0
2015,300165,1,0,0,0,0
2015,300167,1,0,0,0,0
2015,300168,1,0,0,0,0
2015,300175,1,0,0,0,0
2015,300178,1,0,0,0,0
2015,300181,1,0,0,0,0
2015,300186,1,0,0,0,0
2015,300187,1,0,0,0,0
2015,300190,1,0,0,0,0
2015,300194,1,0,0,0,0
2015,300195,1,0,0,0,0
2015,300196,1,0,0,0,0
2015,300209,1,0,0,0,0
2015,300211,1,0,0,0,0
2015,300213,1,0,0,0,0
2015,300221,1,0,0,0,0
2015,300225,1,0,0,0,0
2015,300226,1,0,0,0,0
2015,310012,1,0,0,0,0
2015,310014,1,0,0,0,0
2015,310018,1,0,0,0,0
2015,310022,1,0,0,0,0
2015,310026,1,0,0,0,0
2015,310027,1,0,0,0,0
2015,310028,1,0,0,0,0
2015,310031,1,0,0,0,1
2015,310033,1,0,0,0,0
2015,310034,1,0,0,0,0
2015,310035,1,0,0,0,0
2015,310037,1,0,0,0,0
2015,310038,1,0,0,0,0
2015,310043,1,0,0,0,0
2015,310045,1,0,0,0,0
2015,310047,1,0,0,0,0
2015,310048,1,0,0,0,0
2015,310049,1,0,0,0,0
2015,310054,1,0,0,0,0
2015,310059,1,0,0,0,0
2015,310060,1,0,0,0,0
2015,310063,1,0,0,0,0
2015,310064,1,0,0,0,0
2015,310065,1,0,0,0,0
2015,310066,1,0,0,0,0
2015,310067,1,0,0,0,0
2015,310069,1,0,0,0,0
2015,310071,1,0,0,0,0
2015,310072,1,0,0,0,0
2015,310074,1,0,0,0,0
2015,310075,1,0,0,0,0
2015,310076,1,0,0,0,0
2015,310077,1,0,0,0,0
2015,310079,1,0,0,0,0
2015,310080,1,0,0,0,0
2015,310081,1,0,0,0,0
2015,310082,1,0,0,0,0
2015,310083,1,0,0,0,0
2015,310084,1,0,0,0,0
2015,310085,1,0,0,0,0
2015,310086,1,0,0,0,0
2015,310087,1,0,0,0,0
2015,310089,1,0,0,0,0
2015,310090,1,0,0,0,0
2015,310091,1,0,0,0,0
2015,310092,1,0,0,0,0
2015,310093,1,0,0,0,0
2015,310096,1,0,0,0,0
2015,310097,1,0,0,0,0
2015,310099,1,0,0,0,0
2015,310100,1,0,0,0,0
2015,310101,1,0,0,0,1
2015,310102,1,0,0,0,0
2015,310103,1,0,0,0,0
2015,310104,1,0,0,0,0
2015,310105,1,0,0,0,0
2015,310107,1,0,0,0,0
2015,310108,1,0,0,0,0
2015,310109,1,0,0,0,0
2015,310110,1,0,0,0,0
2015,320022,1,0,0,0,0
2015,320040,1,0,0,0,0
2015,320066,1,0,0,0,0
2015,320101,1,0,0,0,0
2015,320104,1,0,0,0,1
2015,320124,1,0,0,0,1
2015,320132,1,0,0,0,0
2015,320141,1,0,0,0,0
2015,320159,1,0,0,0,0
2015,320160,1,0,0,0,0
2015,320172,1,0,0,0,0
2015,320187,1,0,0,0,0
2015,320203,1,0,0,0,0
2015,320208,1,0,0,0,0
2015,330019,1,0,0,0,0
2015,330021,1,0,0,0,0
2015,330022,1,0,0,0,0
2015,330024,1,0,0,0,0
2015,330026,1,0,0,0,0
2015,330028,1,0,0,0,0
2015,330031,1,0,0,0,0
2015,330032,1,0,0,0,0
2015,330036,1,0,0,0,0
2015,330038,1,0,0,0,0
2015,330040,1,0,0,0,0
2015,330045,1,0,0,0,0
2015,330047,1,0,0,0,0
2015,330048,1,0,0,0,0
2015,330052,1,0,0,0,0
2015,330056,1,0,0,0,0
2015,330059,1,0,0,0,0
2015,330061,1,0,0,0,0
2015,340002,1,0,0,0,0
2015,340004,1,0,0,0,0
2015,340007,1,0,0,0,0
2015,340008,1,0,0,0,0
2015,340009,1,0,0,0,0
2015,340014,1,0,0,0,0
2015,340016,1,0,0,0,0
2015,340019,1,0,0,0,0
2015,340022,1,0,0,0,0
2015,340033,1,0,0,0,0
2015,340034,1,0,0,0,1
2015,340036,1,0,0,0,0
2015,340038,1,0,0,0,0
2015,340049,1,0,0,0,0
2015,340053,1,0,0,0,0
2015,340060,1,0,0,0,0
2015,340062,1,0,0,0,0
2015,340063,1,0,0,0,0
2015,340064,1,0,0,0,0
2015,340065,1,0,0,0,0
2015,340069,1,0,0,0,0
2015,340070,1,0,0,0,0
2015,340072,1,0,0,0,0
2015,340074,1,0,0,0,0
2015,350023,1,0,0,0,0
2015,350026,1,0,0,0,0
2015,350027,1,0,0,0,0
2015,350035,1,0,0,0,0
2015,350039,1,0,0,0,0
2015,350041,1,0,0,0,0
2015,350042,1,0,0,0,0
2015,350043,1,0,0,0,0
2015,350062,1,0,0,0,0
2015,350066,1,0,0,0,0
2015,350067,1,0,0,0,0
2015,350103,1,0,0,0,0
2015,350114,1,0,0,0,0
2015,350118,1,0,0,0,0
2015,350119,1,0,0,0,0
2015,350120,1,0,0,0,0
2015,360002,1,0,0,0,0
2015,360007,1,0,0,0,0
2015,360011,1,0,0,0,0
2015,360014,1,0,0,0,0
2015,360016,1,0,0,0,0
2015,360017,1,0,0,0,0
2015,360031,1,0,0,0,0
2015,360041,1,0,0,0,0
2015,360042,1,0,0,0,0
2015,360046,1,0,0,0,0
2015,360050,1,0,0,0,0
2015,360056,1,0,0,0,0
2015,360062,1,0,0,0,0
2015,360065,1,0,0,0,0
2015,360069,1,0,0,0,0
2015,360077,1,0,0,0,0
2015,360086,1,0,0,0,1
2015,360090,1,0,0,0,0
2015,370011,1,0,0,0,0
2015,370018,1,0,0,0,0
2015,370031,1,0,0,0,0
2015,370034,1,0,0,0,0
2015,370035,1,0,0,0,0
2015,370037,1,0,0,0,0
2015,370038,1,0,0,0,0
2015,370040,1,0,0,0,0
2018,10005,1,0,0,0,0
2018,10009,1,0,0,0,0
2018,10071,1,0,0,0,0
2018,10072,1,0,0,0,0
2018,10091,1,0,0,0,0
2018,10094,1,0,0,0,0
2018,10103,1,0,0,0,0
2018,19018,1,0,0,0,0
2018,19051,1,0,0,0,0
2018,19052,1,0,0,0,0
2018,19119,1,0,0,0,0
2018,19122,1,0,0,0,0
2018,19141,1,0,0,0,0
2018,19174,1,0,0,0,0
2018,19209,1,0,0,0,0
2018,19213,1,0,0,0,0
2018,19214,1,0,0,0,0
2018,19222,1,0,0,0,0
2018,19226,1,0,0,0,0
2018,19232,1,0,0,0,0
2018,20001,1,0,0,0,0
2018,20008,1,0,0,0,0
2018,20043,1,0,0,0,0
2018,20047,1,0,0,0,0
2018,20048,1,0,0,0,0
2018,20069,1,0,0,0,0
2018,20092,1,0,0,0,0
2018,20100,1,0,0,0,0
2018,20102,1,0,0,0,0
2018,20103,1,0,0,0,0
2018,20104,1,0,0,0,0
2018,20107,1,0,0,0,0
2018,29006,1,0,0,0,0
2018,29033,1,0,0,0,0
2018,29034,1,0,0,0,0
2018,29047,1,0,0,0,0
2018,29052,1,0,0,0,0
2018,29053,1,0,0,0,0
2018,29057,1,0,0,0,0
2018,29062,1,0,0,0,0
2018,29066,1,0,0,0,0
2018,29070,1,0,0,0,0
2018,29073,1,0,0,0,0
2018,29074,1,0,0,0,0
2018,29077,1,0,0,0,0
2018,29080,1,0,0,0,0
2018,29082,1,0,0,0,0
2018,29083,1,0,0,0,0
2018,29085,1,0,0,0,0
2018,29086,1,0,0,0,0
2018,29089,1,0,0,0,0
2018,29094,1,0,0,0,0
2018,29096,1,0,0,0,0
2018,29099,1,0,0,0,0
2018,29101,1,0,0,0,0
2018,29104,1,0,0,0,0
2018,29108,1,0,0,0,0
2018,29109,1,0,0,0,0
2018,29112,1,0,0,0,0
2018,29123,1,0,0,0,0
2018,29124,1,0,0,0,0
2018,29140,1,0,0,0,0
2018,29143,1,0,0,0,0
2018,29147,1,0,0,0,0
2018,29156,1,0,0,0,0
2018,29165,1,0,0,0,0
2018,29166,1,0,0,0,0
2018,29167,1,0,0,0,0
2018,29168,1,0,0,0,0
2018,29169,1,0,0,0,0
2018,29170,1,0,0,0,0
2018,29176,1,0,0,0,0
2018,29178,1,0,0,0,0
2018,29179,1,0,0,0,0
2018,29191,1,0,0,0,0
2018,30030,1,0,0,0,0
2018,30124,1,0,0,0,0
2018,39051,1,0,0,0,0
2018,39061,1,0,0,0,0
2018,39089,1,0,0,0,0
2018,39103,1,0,0,0,0
2018,39107,1,0,0,0,0
2018,39108,1,0,0,0,0
2018,39121,1,0,0,0,0
2018,39125,1,0,0,0,0
2018,39158,1,0,0,0,0
2018,39160,1,0,0,0,1
2018,39166,1,0,0,0,0
2018,39178,1,0,0,0,0
2018,40171,1,0,0,0,0
2018,40172,1,0,0,0,0
2018,40178,1,0,0,0,0
2018,49037,1,0,0,0,0
2018,49046,1,0,0,0,0
2018,49071,1,0,0,0,0
2018,50004,1,0,0,0,0
2018,50005,1,0,0,0,0
2018,50009,1,0,0,0,0
2018,50031,1,0,0,0,0
2018,50032,1,0,0,0,0
2018,50035,1,0,0,0,0
2018,50036,1,0,0,0,0
2018,50054,1,0,0,0,0
2018,50055,1,0,0,0,0
2018,50058,1,0,0,0,0
2018,50093,1,0,0,0,0
2018,50096,1,0,0,0,0
2018,50133,1,0,0,0,0
2018,50135,1,0,0,0,0
2018,50136,1,0,0,0,0
2018,50152,1,0,0,0,0
2018,50153,1,0,0,0,0
2018,50154,1,0,0,0,0
2018,50155,1,0,0,0,0
2018,50156,1,0,0,0,0
2018,50162,1,0,0,0,0
2018,50169,1,0,0,0,0
2018,59009,1,0,0,0,0
2018,59015,1,0,0,0,0
2018,59023,1,0,0,0,0
2018,59024,1,0,0,0,0
2018,59025,1,0,0,0,0
2018,59027,1,0,0,0,0
2018,59034,1,0,0,0,0
2018,59035,1,0,0,0,0
2018,59054,1,0,0,0,0
2018,59066,1,0,0,0,0
2018,59069,1,0,0,0,0
2018,59073,1,0,0,0,0
2018,59076,1,0,0,0,0
2018,59077,1,0,0,0,0
2018,59078,1,0,0,0,0
2018,59086,1,0,0,0,0
2018,59087,1,0,0,0,0
2018,59121,1,0,0,0,0
2018,59122,1,0,0,0,0
2018,59124,1,0,0,0,0
2018,59133,1,0,0,0,0
2018,59142,1,0,0,0,0
2018,59154,1,0,0,0,0
2018,59160,1,0,0,0,0
2018,59161,1,0,0,0,0
2018,59163,1,0,0,0,0
2018,59168,1,0,0,0,0
2018,59171,1,0,0,0,0
2018,59172,1,0,0,0,0
2018,59175,1,0,0,0,0
2018,59176,1,0,0,0,0
2018,59179,1,0,0,0,0
2018,59184,1,0,0,0,0
2018,59189,1,0,0,0,0
2018,69014,1,0,0,0,0
2018,69033,1,0,0,0,0
2018,69036,1,0,0,0,0
2018,70078,1,0,0,0,0
2018,70125,1,0,0,0,0
2018,70127,1,0,0,0,0
2018,79021,1,0,0,0,0
2018,79023,1,0,0,0,0
2018,79024,1,0,0,0,0
2018,79025,1,0,0,0,0
2018,79073,1,0,0,0,0
2018,79095,1,0,0,0,0
2018,79096,1,0,0,0,0
2018,79108,1,0,0,0,0
2018,79119,1,0,0,0,0
2018,79120,1,0,0,0,0
2018,79124,1,0,0,0,0
2018,79125,1,0,0,0,0
2018,79129,1,0,0,0,0
2018,80014,1,0,0,0,0
2018,80098,1,0,0,0,0
2018,80102,1,0,0,0,0
2018,80103,1,0,0,0,0
2018,80104,1,0,0,0,0
2018,80105,1,0,0,0,0
2018,89016,1,0,0,0,0
2018,89028,1,0,0,0,0
2018,90096,1,0,0,0,0
2018,99070,1,0,0,0,0
2018,99075,1,0,0,0,0
2018,99081,1,0,0,0,0
2018,99083,1,0,0,0,0
2018,109008,1,0,0,0,0
2018,110022,1,0,0,0,0
2018,110023,1,0,0,0,0
2018,110081,1,0,0,0,0
2018,110082,1,0,0,0,0
2018,110083,1,0,0,0,0
2018,110085,1,0,0,0,0
2018,110089,1,0,0,0,0
2018,110111,1,0,0,0,0
2018,110130,1,0,0,0,0
2018,119003,1,0,0,0,0
2018,119012,1,0,0,0,0
2018,119014,1,0,0,0,0
2018,119025,1,0,0,0,0
2018,119026,1,0,0,0,0
2018,119031,1,0,0,0,0
2018,119032,1,0,0,0,0
2018,119054,1,0,0,0,0
2018,120051,1,0,0,0,0
2018,120054,1,0,0,0,0
2018,120055,1,0,0,0,0
2018,120056,1,0,0,0,0
2018,120057,1,0,0,0,0
2018,120058,1,0,0,0,0
2018,120059,1,0,0,0,0
2018,120060,1,0,0,0,0
2018,120100,1,0,0,0,0
2018,129127,1,0,0,0,0
2018,129143,1,0,0,0,0
2018,130060,1,0,0,0,0
2018,139031,1,0,0,0,0
2018,139034,1,0,0,0,0
2018,139038,1,0,0,0,0
2018,139046,1,0,0,0,0
2018,139052,1,0,0,0,0
2018,139054,1,0,0,0,0
2018,139070,1,0,0,0,0
2018,139155,1,0,0,0,0
2018,149019,1,0,0,0,0
2018,149057,1,0,0,0,0
2018,149072,1,0,0,0,0
2018,150003,1,0,0,0,0
2018,150004,1,0,0,0,0
2018,150025,1,0,0,0,0
2018,150028,1,0,0,0,0
2018,159005,1,0,0,0,0
2018,159013,1,0,0,0,0
2018,159026,1,0,0,0,0
2018,159055,1,0,0,0,0
2018,159056,1,0,0,0,0
2018,159088,1,0,0,0,0
2018,159105,1,0,0,0,0
2018,159111,1,0,0,0,0
2018,159119,1,0,0,0,0
2018,160036,1,0,0,0,0
2018,160041,1,0,0,0,0
2018,160059,1,0,0,0,0
2018,169004,1,0,0,0,0
2018,169011,1,0,0,0,0
2018,169026,1,0,0,0,0
2018,169041,1,0,0,0,0
2018,169043,1,0,0,0,0
2018,169061,1,0,0,0,0
2018,169063,1,0,0,0,0
2018,169114,1,0,0,0,0
2018,169116,1,0,0,0,0
2018,169153,1,0,0,0,0
2018,169181,1,0,0,0,0
2018,170043,1,0,0,0,0
2018,170085,1,0,0,0,0
2018,179006,1,0,0,0,0
2018,179008,1,0,0,0,0
2018,179012,1,0,0,0,0
2018,179041,1,0,0,0,0
2018,179050,1,0,0,0,0
2018,179056,1,0,0,0,0
2018,179061,1,0,0,0,0
2018,179098,1,0,0,0,0
2018,180005,1,0,0,0,0
2018,180009,1,0,0,0,0
2018,180032,1,0,0,0,0
2018,180033,1,0,0,0,0
2018,180036,1,0,0,0,1
2018,180040,1,0,0,0,0
2018,180047,1,0,0,0,0
2018,180092,1,0,0,0,0
2018,180097,1,0,0,0,0
2018,189012,1,0,0,0,0
2018,189016,1,0,0,0,0
2018,189017,1,0,0,0,0
2018,189024,1,0,0,0,0
2018,189032,1,0,0,0,0
2018,189038,1,0,0,0,0
2018,189043,1,0,0,0,0
2018,189045,1,0,0,0,0
2018,189062,1,0,0,0,0
2018,189064,1,0,0,0,0
2018,189068,1,0,0,0,0
2018,189070,1,0,0,0,0
2018,189085,1,0,0,0,0
2018,189093,1,0,0,0,0
2018,189094,1,0,0,0,0
2018,189095,1,0,0,0,0
2018,189097,1,0,0,0,0
2018,189102,1,0,0,0,0
2018,189106,1,0,0,0,0
2018,189108,1,0,0,0,0
2018,189117,1,0,0,0,0
2018,189118,1,0,0,0,0
2018,189121,1,0,0,0,0
2018,189126,1,0,0,0,0
2018,189127,1,0,0,0,0
2018,189133,1,0,0,0,0
2018,189137,1,0,0,0,0
2018,189141,1,0,0,0,0
2018,189167,1,0,0,0,0
2018,189174,1,0,0,0,0
2018,189175,1,0,0,0,0
2018,189193,1,0,0,0,0
2018,189212,1,0,0,0,0
2018,189218,1,0,0,0,0
2018,189222,1,0,0,0,0
2018,189235,1,0,0,0,0
2018,189236,1,0,0,0,0
2018,190082,1,0,0,0,0
2018,190134,1,0,0,0,0
2018,190161,1,0,0,0,0
2018,190175,1,0,0,0,0
2018,190179,1,0,0,0,0
2018,190200,1,0,0,0,0
2018,199025,1,0,0,0,0
2018,199027,1,0,0,0,0
2018,199030,1,0,0,0,0
2018,199034,1,0,0,0,0
2018,199056,1,0,0,0,0
2018,199067,1,0,0,0,0
2018,199088,1,0,0,0,0
2018,199094,1,0,0,0,0
2018,200015,1,0,0,0,0
2018,200078,1,0,0,0,0
2018,200079,1,0,0,0,0
2018,200104,1,0,0,0,0
2018,200108,1,0,0,0,0
2018,200166,1,0,0,0,0
2018,200182,1,0,0,0,0
2018,200183,1,0,0,0,0
2018,209006,1,0,0,0,0
2018,209007,1,0,0,0,0
2018,209009,1,0,0,0,0
2018,209015,1,0,0,0,0
2018,209017,1,0,0,0,0
2018,209022,1,0,0,0,0
2018,209026,1,0,0,0,0
2018,209029,1,0,0,0,0
2018,209043,1,0,0,0,0
2018,209044,1,0,0,0,0
2018,209045,1,0,0,0,0
2018,209051,1,0,0,0,0
2018,209058,1,0,0,0,0
2018,209059,1,0,0,0,0
2018,209068,1,0,0,0,0
2018,209069,1,0,0,0,0
2018,209071,1,0,0,0,0
2018,209077,1,0,0,0,0
2018,209087,1,0,0,0,0
2018,209091,1,0,0,0,0
2018,209098,1,0,0,0,0
2018,209099,1,0,0,0,0
2018,209100,1,0,0,0,0
2018,209101,1,0,0,0,0
2018,209106,1,0,0,0,0
2018,209111,1,0,0,0,0
2018,209115,1,0,0,0,0
2018,209126,1,0,0,0,0
2018,209131,1,0,0,0,0
2018,219065,1,0,0,0,0
2018,220014,1,0,0,0,0
2018,220019,1,0,0,0,0
2018,220028,1,0,0,0,0
2018,220029,1,0,0,0,0
2018,220060,1,0,0,0,0
2018,220114,1,0,0,0,0
2018,220118,1,0,0,0,0
2018,229002,1,0,0,0,0
2018,229020,1,0,0,0,0
2018,229031,1,0,0,0,0
2018,229036,1,0,0,0,0
2018,229039,1,0,0,0,0
2018,229041,1,0,0,0,0
2018,229051,1,0,0,0,0
2018,229060,1,0,0,0,0
2018,229094,1,0,0,0,0
2018,230091,1,0,0,0,1
2018,239001,1,0,0,0,1
2018,239009,1,0,0,0,0
2018,239015,1,0,0,0,0
2018,239032,1,0,0,0,0
2018,239050,1,0,0,0,0
2018,239051,1,0,0,0,1
2018,239053,1,0,0,0,1
2018,239057,1,0,0,0,0
2018,239086,1,0,0,0,0
2018,239088,1,0,0,0,0
2018,239104,1,0,0,0,0
2018,239137,1,0,0,0,0
2018,239183,1,0,0,0,0
2018,249073,1,0,0,0,0
2018,249117,1,0,0,0,0
2018,250014,1,0,0,0,0
2018,250020,1,0,0,0,0
2018,259001,1,0,0,0,0
2018,259002,1,0,0,0,0
2018,260151,1,0,0,0,0
2018,260153,1,0,0,0,0
2018,260154,1,0,0,0,0
2018,269024,1,0,0,0,0
2018,269026,1,0,0,0,0
2018,269049,1,0,0,0,0
2018,269071,1,0,0,0,0
2018,280084,1,0,0,0,0
2018,289026,1,0,0,0,0
2018,289071,1,0,0,0,0
2018,289072,1,0,0,0,0
2018,289102,1,0,0,0,0
2018,290074,1,0,0,0,0
2018,310071,1,0,0,0,0
2018,310072,1,0,0,0,0
2018,310073,1,0,0,0,0
2018,310074,1,0,0,0,0
2018,310075,1,0,0,0,0
2018,310076,1,0,0,0,0
2018,310078,1,0,0,0,0
2018,310081,1,0,0,0,0
2018,310085,1,0,0,0,0
2018,310087,1,0,0,0,0
2018,310089,1,0,0,0,0
2018,310090,1,0,0,0,0
2018,310095,1,0,0,0,0
2018,310097,1,0,0,0,0
2018,319002,1,0,0,0,0
2018,319004,1,0,0,0,0
2018,319006,1,0,0,0,0
2018,319008,1,0,0,0,0
2018,319010,1,0,0,0,0
2018,319012,1,0,0,0,0
2018,319025,1,0,0,0,0
2018,319027,1,0,0,0,0
2018,319030,1,0,0,0,0
2018,319031,1,0,0,0,0
2018,319032,1,0,0,0,0
2018,319036,1,0,0,0,0
2018,319037,1,0,0,0,0
2018,319041,1,0,0,0,0
2018,319048,1,0,0,0,0
2018,319050,1,0,0,0,0
2018,319051,1,0,0,0,0
2018,319060,1,0,0,0,0
2018,319061,1,0,0,0,0
2018,319072,1,0,0,0,0
2018,329009,1,0,0,0,0
2018,329090,1,0,0,0,0
2018,329091,1,0,0,0,0
2018,330032,1,0,0,0,0
2018,330039,1,0,0,0,0
2018,330053,1,0,0,0,0
2018,330058,1,0,0,0,0
2018,330059,1,0,0,0,0
2018,330063,1,0,0,0,0
2018,330064,1,0,0,0,0
2018,330068,1,0,0,0,0
2018,339001,1,0,0,0,0
2018,339005,1,0,0,0,0
2018,339006,1,0,0,0,0
2018,339010,1,0,0,0,0
2018,339014,1,0,0,0,0
2018,339015,1,0,0,0,0
2018,339016,1,0,0,0,0
2018,339020,1,0,0,0,0
2018,339021,1,0,0,0,0
2018,339027,1,0,0,0,0
2018,339029,1,0,0,0,0
2018,339033,1,0,0,0,0
2018,339038,1,0,0,0,0
2018,339042,1,0,0,0,0
2018,339043,1,0,0,0,0
2018,339045,1,0,0,0,0
2018,339046,1,0,0,0,0
2018,339048,1,0,0,0,0
2018,340033,1,0,0,0,0
2018,340034,1,0,0,0,0
2018,349005,1,0,0,0,0
2018,349011,1,0,0,0,0
2018,349018,1,0,0,0,0
2018,349021,1,0,0,0,0
2018,349022,1,0,0,0,0
2018,349034,1,0,0,0,0
2018,349043,1,0,0,0,0
2018,349053,1,0,0,0,0
2018,349073,1,0,0,0,0
2018,349085,1,0,0,0,0
2018,349089,1,0,0,0,0
2018,359010,1,0,0,0,0
2018,359021,1,0,0,0,0
2018,359031,1,0,0,0,0
2018,359033,1,0,0,0,0
2018,359037,1,0,0,0,0
2018,359038,1,0,0,0,0
2018,359041,1,0,0,0,0
2018,360041,1,0,0,0,0
2018,360081,1,0,0,0,0
2018,360088,1,0,0,0,0
2018,369028,1,0,0,0,0
2018,369041,1,0,0,0,0
2018,369043,1,0,0,0,0
2018,369044,1,0,0,0,0
2018,370019,1,0,0,0,0
2018,379008,1,0,0,0,0
2018,379041,1,0,0,0,0
2018,379048,1,0,0,0,0
2018,379075,1,0,0,0,1
2018,379083,1,0,0,0,0
2018,379084,1,0,0,0,0
2018,379085,1,0,0,0,0
2018,379090,1,0,0,0,0
